Symbol,Name
NVDA,NVIDIA Corporation Common Stock
AAPL,Apple Inc. Common Stock
MSFT,Microsoft Corporation Common Stock
GOOG,Alphabet Inc. Class C Capital Stock
GOOGL,Alphabet Inc. Class A Common Stock
AMZN,Amazon.com Inc. Common Stock
META,Meta Platforms Inc. Class A Common Stock
AVGO,Broadcom Inc. Common Stock
TSM,Taiwan Semiconductor Manufacturing Company Ltd.
TSLA,Tesla Inc. Common Stock
BRK/A,Berkshire Hathaway Inc.
BRK/B,Berkshire Hathaway Inc.
WMT,Walmart Inc. Common Stock
JPM,JP Morgan Chase & Co. Common Stock
ORCL,Oracle Corporation Common Stock
LLY,Eli Lilly and Company Common Stock
V,Visa Inc.
MA,Mastercard Incorporated Common Stock
XOM,Exxon Mobil Corporation Common Stock
NFLX,Netflix Inc. Common Stock
JNJ,Johnson & Johnson Common Stock
PLTR,Palantir Technologies Inc. Class A Common Stock
COST,Costco Wholesale Corporation Common Stock
AMD,Advanced Micro Devices Inc. Common Stock
ASML,ASML Holding N.V. New York Registry Shares
BABA,Alibaba Group Holding Limited American Depositary Shares each representing eight Ordinary share
ABBV,AbbVie Inc. Common Stock
BAC,Bank of America Corporation Common Stock
HD,Home Depot Inc. (The) Common Stock
PG,Procter & Gamble Company (The) Common Stock
SAP,SAP  SE ADS
UNH,UnitedHealth Group Incorporated Common Stock (DE)
GE,GE Aerospace Common Stock
CVX,Chevron Corporation Common Stock
KO,Coca-Cola Company (The) Common Stock
IBM,International Business Machines Corporation Common Stock
CSCO,Cisco Systems Inc. Common Stock (DE)
WFC,Wells Fargo & Company Common Stock
TM,Toyota Motor Corporation Common Stock
MS,Morgan Stanley Common Stock
AZN,AstraZeneca PLC American Depositary Shares
NVS,Novartis AG Common Stock
AXP,American Express Company Common Stock
MU,Micron Technology Inc. Common Stock
PM,Philip Morris International Inc Common Stock
CAT,Caterpillar Inc. Common Stock
TMUS,T-Mobile US Inc. Common Stock
CRM,Salesforce Inc. Common Stock
RTX,RTX Corporation Common Stock
GS,Goldman Sachs Group Inc. (The) Common Stock
NVO,Novo Nordisk A/S Common Stock
HSBC,HSBC Holdings plc. Common Stock
SHOP,Shopify Inc. Class A Subordinate Voting Shares
ABT,Abbott Laboratories Common Stock
SHEL,Shell PLC American Depositary Shares (each representing two (2) Ordinary Shares) 
MRK,Merck & Company Inc. Common Stock (new)
MCD,McDonald's Corporation Common Stock
CCZ,Comcast Holdings ZONES
TMO,Thermo Fisher Scientific Inc Common Stock
APP,Applovin Corporation Class A Common Stock
LIN,Linde plc Ordinary Shares
RY,Royal Bank Of Canada Common Stock
PEP,PepsiCo Inc. Common Stock
DIS,Walt Disney Company (The) Common Stock
UBER,Uber Technologies Inc. Common Stock
ISRG,Intuitive Surgical Inc. Common Stock
NOW,ServiceNow Inc. Common Stock
ANET,Arista Networks Inc. Common Stock
LRCX,Lam Research Corporation Common Stock
INTU,Intuit Inc. Common Stock
PDD,PDD Holdings Inc. American Depositary Shares
HDB,HDFC Bank Limited Common Stock
QCOM,QUALCOMM Incorporated Common Stock
AMAT,Applied Materials Inc. Common Stock
C,Citigroup Inc. Common Stock
ARM,Arm Holdings plc American Depositary Shares
T,AT&T Inc.
MUFG,Mitsubishi UFJ Financial Group Inc. Common Stock
BLK,BlackRock Inc. Common Stock
NEE,NextEra Energy Inc. Common Stock
SONY,Sony Group Corporation American Depositary Shares 
SCHW,Charles Schwab Corporation (The) Common Stock
INTC,Intel Corporation Common Stock
BA,Boeing Company (The) Common Stock
BKNG,Booking Holdings Inc. Common Stock
TBB,AT&T Inc. 5.350% Global Notes due 2066
VZ,Verizon Communications Inc. Common Stock
APH,Amphenol Corporation Common Stock
ACN,Accenture plc Class A Ordinary Shares (Ireland)
DHR,Danaher Corporation Common Stock
GEV,GE Vernova Inc. Common Stock
TJX,TJX Companies Inc. (The) Common Stock
AMGN,Amgen Inc. Common Stock
KLAC,KLA Corporation Common Stock
TXN,Texas Instruments Incorporated Common Stock
UL,Unilever PLC Common Stock
GILD,Gilead Sciences Inc. Common Stock
BSX,Boston Scientific Corporation Common Stock
SPGI,S&P Global Inc. Common Stock
ADBE,Adobe Inc. Common Stock
ETN,Eaton Corporation PLC Ordinary Shares
SYK,Stryker Corporation Common Stock
PANW,Palo Alto Networks Inc. Common Stock
COF,Capital One Financial Corporation Common Stock
SAN,Banco Santander S.A. Sponsored ADR (Spain)
BHP,BHP Group Limited American Depositary Shares (Each representing two Ordinary Shares)
PFE,Pfizer Inc. Common Stock
TD,Toronto Dominion Bank (The) Common Stock
HON,Honeywell International Inc. Common Stock
LOW,Lowe's Companies Inc. Common Stock
TTE,TotalEnergies SE
CRWD,CrowdStrike Holdings Inc. Class A Common Stock
SPOT,Spotify Technology S.A. Ordinary Shares
UNP,Union Pacific Corporation Common Stock
PGR,Progressive Corporation (The) Common Stock
DE,Deere & Company Common Stock
SNY,Sanofi ADS
HOOD,Robinhood Markets Inc. Class A Common Stock
CEG,Constellation Energy Corporation Common Stock 
UBS,UBS Group AG Registered Ordinary Shares
MDT,Medtronic plc. Ordinary Shares
WELL,Welltower Inc. Common Stock
PLD,Prologis Inc. Common Stock
ADI,Analog Devices Inc. Common Stock
IBKR,Interactive Brokers Group Inc. Class A Common Stock
BTI,British American Tobacco  Industries p.l.c. Common Stock ADR
BX,Blackstone Inc. Common Stock
ADP,Automatic Data Processing Inc. Common Stock
LMT,Lockheed Martin Corporation Common Stock
BBVA,Banco Bilbao Vizcaya Argentaria S.A. Common Stock
CB,Chubb Limited  Common Stock
IBN,ICICI Bank Limited Common Stock
DASH,DoorDash Inc. Class A Common Stock
BUD,Anheuser-Busch Inbev SA Sponsored ADR (Belgium)
COP,ConocoPhillips Common Stock
MELI,MercadoLibre Inc. Common Stock
MO,Altria Group Inc.
CMCSA,Comcast Corporation Class A Common Stock
VRTX,Vertex Pharmaceuticals Incorporated Common Stock
KKR,KKR & Co. Inc. Common Stock
DELL,Dell Technologies Inc. Class C Common Stock 
SO,Southern Company (The) Common Stock
HCA,HCA Healthcare Inc. Common Stock
SCCO,Southern Copper Corporation Common Stock
CVS,CVS Health Corporation Common Stock
SMFG,Sumitomo Mitsui Financial Group Inc Unsponsored American Depositary Shares (Japan)
BN,Brookfield Corporation Class A Limited Voting Shares
ENB,Enbridge Inc Common Stock
NKE,Nike Inc. Common Stock
MCK,McKesson Corporation Common Stock
DUK,Duke Energy Corporation (Holding Company) Common Stock
RACE,Ferrari N.V. Common Shares
SBUX,Starbucks Corporation Common Stock
PH,Parker-Hannifin Corporation Common Stock
CME,CME Group Inc. Class A Common Stock
TT,Trane Technologies plc
GD,General Dynamics Corporation Common Stock
CDNS,Cadence Design Systems Inc. Common Stock
NTES,NetEase Inc. American Depositary Shares
SE,Sea Limited American Depositary Shares each representing one Class A Ordinary Share
MMC,Marsh & McLennan Companies Inc. Common Stock
COIN,Coinbase Global Inc. Class A Common Stock
NEM,Newmont Corporation
BP,BP p.l.c. Common Stock
BMO,Bank Of Montreal Common Stock
ICE,Intercontinental Exchange Inc. Common Stock
MMM,3M Company Common Stock
AMT,American Tower Corporation (REIT) Common Stock
BMY,Bristol-Myers Squibb Company Common Stock
IBIT,iShares Bitcoin Trust ETF
BAM,Brookfield Asset Management Inc Class A Limited Voting Shares
RBLX,Roblox Corporation Class A Common Stock
RIO,Rio Tinto Plc Common Stock
GSK,GSK plc American Depositary Shares (Each representing two Ordinary Shares)
MCO,Moody's Corporation Common Stock
SNOW,Snowflake Inc. Common Stock
NOC,Northrop Grumman Corporation Common Stock
WM,Waste Management Inc. Common Stock
SNPS,Synopsys Inc. Common Stock
RCL,Royal Caribbean Cruises Ltd. Common Stock
RELX,RELX PLC PLC American Depositary Shares (Each representing One Ordinary Share)
SHW,Sherwin-Williams Company (The) Common Stock
ORLY,O'Reilly Automotive Inc. Common Stock
EQIX,Equinix Inc. Common Stock REIT
AEM,Agnico Eagle Mines Limited Common Stock
MSTR,Strategy Inc Common Stock Class A
MFG,Mizuho Financial Group Inc. Sponosred ADR (Japan)
CRH,CRH PLC Ordinary Shares
CI,The Cigna Group Common Stock
BNS,Bank Nova Scotia Halifax Pfd 3 Ordinary Shares
HWM,Howmet Aerospace Inc. Common Stock
ABNB,Airbnb Inc. Class A Common Stock
MDLZ,Mondelez International Inc. Class A Common Stock
ECL,Ecolab Inc. Common Stock
ELV,Elevance Health Inc. Common Stock
CTAS,Cintas Corporation Common Stock
TDG,Transdigm Group Incorporated Common Stock
CM,Canadian Imperial Bank of Commerce Common Stock
NGG,National Grid Transco PLC National Grid PLC (NEW) American Depositary Shares
NU,Nu Holdings Ltd. Class A Ordinary Shares
BK,The Bank of New York Mellon Corporation Common Stock
NET,Cloudflare Inc. Class A Common Stock
PBR,Petroleo Brasileiro S.A. Petrobras ADS
CVNA,Carvana Co. Class A Common Stock
ING,ING Group N.V. Common Stock
USB,U.S. Bancorp Common Stock
GLW,Corning Incorporated Common Stock
EMR,Emerson Electric Company Common Stock
UPS,United Parcel Service Inc. Common Stock
JCI,Johnson Controls International plc Ordinary Share
MAR,Marriott International Class A Common Stock
PNC,PNC Financial Services Group Inc. (The) Common Stock
TRI,Thomson Reuters Corporation Common Shares
MSI,Motorola Solutions Inc. Common Stock
AON,Aon plc Class A Ordinary Shares (Ireland)
INFY,Infosys Limited American Depositary Shares
BCS,Barclays PLC Common Stock
MRVL,Marvell Technology Inc. Common Stock
AJG,Arthur J. Gallagher & Co. Common Stock
ITW,Illinois Tool Works Inc. Common Stock
APO,Apollo Global Management Inc. (New) Common Stock
EQNR,Equinor ASA
VRT,Vertiv Holdings LLC Class A Common Stock
CP,Canadian Pacific Kansas City Limited Common Shares
WMB,Williams Companies Inc. (The) Common Stock
RSG,Republic Services Inc. Common Stock
TEL,TE Connectivity plc Ordinary Shares
ITUB,Itau Unibanco Banco Holding SA American Depositary Shares (Each repstg 500 Preferred shares)
AMX,America Movil S.A.B. de C.V. American Depositary Shares (each representing the right to receive twenty (20) Series B Shares
VST,Vistra Corp. Common Stock
MNST,Monster Beverage Corporation
FI,Fiserv Inc. Common Stock
LYG,Lloyds Banking Group Plc American Depositary Shares
CSX,CSX Corporation Common Stock
EPD,Enterprise Products Partners L.P. Common Stock
PYPL,PayPal Holdings Inc. Common Stock
ADSK,Autodesk Inc. Common Stock
GM,General Motors Company Common Stock
PWR,Quanta Services Inc. Common Stock
FTNT,Fortinet Inc. Common Stock
DB,Deutsche Bank AG Common Stock
CNQ,Canadian Natural Resources Limited Common Stock
WDAY,Workday Inc. Class A Common Stock
CRWV,CoreWeave Inc. Class A Common Stock
ZTS,Zoetis Inc. Class A Common Stock
COR,Cencora Inc. Common Stock
AZO,AutoZone Inc. Common Stock
CL,Colgate-Palmolive Company Common Stock
HLT,Hilton Worldwide Holdings Inc. Common Stock 
NSC,Norfolk Southern Corporation Common Stock
AEP,American Electric Power Company Inc. Common Stock
NWG,NatWest Group plc American Depositary Shares (each representing two (2) Ordinary Shares)
REGN,Regeneron Pharmaceuticals Inc. Common Stock
DLR,Digital Realty Trust Inc. Common Stock
ALNY,Alnylam Pharmaceuticals Inc. Common Stock
SRE,DBA Sempra Common Stock
E,ENI S.p.A. Common Stock
TRV,The Travelers Companies Inc. Common Stock
MPC,Marathon Petroleum Corporation Common Stock
CNI,Canadian National Railway Company Common Stock
FCX,Freeport-McMoRan Inc. Common Stock
URI,United Rentals Inc. Common Stock
SPG,Simon Property Group Inc. Common Stock
EOG,EOG Resources Inc. Common Stock
CMI,Cummins Inc. Common Stock
AXON,Axon Enterprise Inc. Common Stock
KMI,Kinder Morgan Inc. Common Stock
ET,Energy Transfer LP Common Units 
AFL,AFLAC Incorporated Common Stock
TFC,Truist Financial Corporation Common Stock
FDX,FedEx Corporation Common Stock
CPNG,Coupang Inc. Class A Common Stock
APD,Air Products and Chemicals Inc. Common Stock
B,Barrick Mining Corporation Common Shares
MFC,Manulife Financial Corporation Common Stock
NXPI,NXP Semiconductors N.V. Common Stock
CMG,Chipotle Mexican Grill Inc. Common Stock
F,Ford Motor Company Common Stock
LHX,L3Harris Technologies Inc. Common Stock
O,Realty Income Corporation Common Stock
DDOG,Datadog Inc. Class A Common Stock
PSX,Phillips 66 Common Stock
DEO,Diageo plc Common Stock
BDX,Becton Dickinson and Company Common Stock
PSA,Public Storage Common Stock
PCAR,PACCAR Inc. Common Stock
TRP,TC Energy Corporation Common Stock
WBD,Warner Bros. Discovery Inc. Series A Common Stock 
MET,MetLife Inc. Common Stock
VLO,Valero Energy Corporation Common Stock
D,Dominion Energy Inc. Common Stock
ROP,Roper Technologies Inc. Common Stock
MPWR,Monolithic Power Systems Inc. Common Stock
MPLX,MPLX LP Common Units Representing Limited Partner Interests
IDXX,IDEXX Laboratories Inc. Common Stock
ZS,Zscaler Inc. Common Stock
ROST,Ross Stores Inc. Common Stock
ALL,Allstate Corporation (The) Common Stock
NDAQ,Nasdaq Inc. Common Stock
EA,Electronic Arts Inc. Common Stock
FERG,Ferguson Enterprises Inc. Common Stock
ARGX,argenx SE American Depositary Shares
STX,Seagate Technology Holdings PLC Ordinary Shares (Ireland)
CARR,Carrier Global Corporation Common Stock 
FAST,Fastenal Company Common Stock
ARES,Ares Management Corporation Class A Common Stock
VALE,VALE S.A.  American Depositary Shares Each Representing one common share
EXC,Exelon Corporation Common Stock
CBRE,CBRE Group Inc Common Stock Class A
BRKRP,Bruker Corporation 6.375% Mandatory Convertible Preferred Stock Series A
XYZ,Block Inc. Class A Common Stock
SLB,SLB Limited Common Shares
SU,Suncor Energy  Inc. Common Stock
LNG,Cheniere Energy Inc. Common Stock
JD,JD.com Inc. American Depositary Shares
GRMN,Garmin Ltd. Common Stock (Switzerland)
VEEV,Veeva Systems Inc. Class A Common Stock
TCOM,Trip.com Group Limited American Depositary Shares
XEL,Xcel Energy Inc. Common Stock
DHI,D.R. Horton Inc. Common Stock
TTWO,Take-Two Interactive Software Inc. Common Stock
BKR,Baker Hughes Company Class A Common Stock
FER,Ferrovial SE Ordinary Shares
IMO,Imperial Oil Limited Common Stock
GWW,W.W. Grainger Inc. Common Stock
HMC,Honda Motor Company Ltd. Common Stock
WCN,Waste Connections Inc. Common Shares
AMP,Ameriprise Financial Inc. Common Stock
WDC,Western Digital Corporation Common Stock
PAYX,Paychex Inc. Common Stock
EW,Edwards Lifesciences Corporation Common Stock
WPM,Wheaton Precious Metals Corp Common Shares (Canada)
UI,Ubiquiti Inc. Common Stock
KR,Kroger Company (The) Common Stock
EBAY,eBay Inc. Common Stock
HEI,Heico Corporation Common Stock
TAK,Takeda Pharmaceutical Company Limited American Depositary Shares (each representing 1/2 of a share of Common Stock)
PCG,Pacific Gas & Electric Co. Common Stock
AIG,American International Group Inc. New Common Stock
CTVA,Corteva Inc. Common Stock 
AME,AMETEK Inc.
CPRT,Copart Inc. (DE) Common Stock
OKE,ONEOK Inc. Common Stock
ETR,Entergy Corporation Common Stock
FLUT,Flutter Entertainment plc Ordinary Shares
CCI,Crown Castle Inc. Common Stock
TGT,Target Corporation Common Stock
TEAM,Atlassian Corporation Class A Common Stock
FANG,Diamondback Energy Inc. Common Stock
BIDU,Baidu Inc. ADS
A,Agilent Technologies Inc. Common Stock
MSCI,MSCI Inc. Common Stock
OXY,Occidental Petroleum Corporation Common Stock
CCEP,Coca-Cola Europacific Partners plc Ordinary Shares
PEG,Public Service Enterprise Group Incorporated Common Stock
HLN,Haleon plc American Depositary Shares (Each representing two Ordinary Shares)
BSBR,Banco Santander Brasil SA American Depositary Shares each representing one unit
RDDT,Reddit Inc. Class A Common Stock
ROK,Rockwell Automation Inc. Common Stock
FICO,Fair Isaac Corporation Common Stock
CCL,Carnival Corporation Common Stock
DAL,Delta Air Lines Inc. Common Stock
YUM,Yum! Brands Inc.
LVS,Las Vegas Sands Corp. Common Stock
KMB,Kimberly-Clark Corporation Common Stock
VMC,Vulcan Materials Company (Holding Company) Common Stock
CAH,Cardinal Health Inc. Common Stock
SYM,Symbotic Inc. Class A Common Stock
CCJ,Cameco Corporation Common Stock
RMD,ResMed Inc. Common Stock
ALC,Alcon Inc. Ordinary Shares
RKT,Rocket Companies Inc. Class A Common Stock
IQV,IQVIA Holdings Inc. Common Stock
MLM,Martin Marietta Materials Inc. Common Stock
WEC,WEC Energy Group Inc. Common Stock
TKO,TKO Group Holdings Inc. Class A Common Stock
HBANL,Huntington Bancshares Incorporated Depositary Shares Each Representing a 1/40th Interest in a Share of 6.875% Series J Non-Cumulative Perpetual Preferred Stock
SYY,Sysco Corporation Common Stock
KDP,Keurig Dr Pepper Inc. Common Stock
EL,Estee Lauder Companies Inc. (The) Common Stock
FNV,Franco-Nevada Corporation
HSY,The Hershey Company Common Stock
OTIS,Otis Worldwide Corporation Common Stock 
XYL,Xylem Inc. Common Stock New
ED,Consolidated Edison Inc. Common Stock
GFI,Gold Fields Limited American Depositary Shares
CUK,Carnival Plc ADS ADS
PRU,Prudential Financial Inc. Common Stock
LYV,Live Nation Entertainment Inc. Common Stock
GEHC,GE HealthCare Technologies Inc. Common Stock 
BBD,Banco Bradesco Sa American Depositary Shares
PUK,Prudential Public Limited Company Common Stock
TME,Tencent Music Entertainment Group American Depositary Shares each representing two Class A Ordinary Shares
FIS,Fidelity National Information Services Inc. Common Stock
NOK,Nokia Corporation Sponsored American Depositary Shares
HIG,The Hartford Insurance Group Inc. Common Stock
HUM,Humana Inc. Common Stock
SLF,Sun Life Financial Inc. Common Stock
SOFI,SoFi Technologies Inc. Common Stock  
FIX,Comfort Systems USA Inc. Common Stock
AU,AngloGold Ashanti PLC Ordinary Shares
ABEV,Ambev S.A. American Depositary Shares (Each representing 1 Common Share)
ONC,BeOne Medicines Ltd. American Depositary Shares
CLS,Celestica Inc. Common Stock
HBANM,Huntington Bancshares Incorporated Depositary Shares each representing a 1/1000th interest in a share of Huntington Series I Preferred Stock
MCHP,Microchip Technology Incorporated Common Stock
DD,DuPont de Nemours Inc. Common Stock
WAB,Westinghouse Air Brake Technologies Corporation Common Stock
INSM,Insmed Incorporated Common Stock
CHT,Chunghwa Telecom Co. Ltd.
EQT,EQT Corporation Common Stock
EME,EMCOR Group Inc. Common Stock
CHTR,Charter Communications Inc. Class A Common Stock New
VICI,VICI Properties Inc. Common Stock
FMX,Fomento Economico Mexicano S.A.B. de C.V. Common Stock
CTSH,Cognizant Technology Solutions Corporation Class A Common Stock
TRGP,Targa Resources Inc. Common Stock
CSGP,CoStar Group Inc. Common Stock
NRG,NRG Energy Inc. Common Stock
STT,State Street Corporation Common Stock
VRSK,Verisk Analytics Inc. Common Stock
RYAAY,Ryanair Holdings plc American Depositary Shares
CRCL,Circle Internet Group Inc. Class A Common Stock
LEN,Lennar Corporation Class A Common Stock
ACGL,Arch Capital Group Ltd. Common Stock
RJF,Raymond James Financial Inc. Common Stock
UAL,United Airlines Holdings Inc. Common Stock
WTW,Willis Towers Watson Public Limited Company Ordinary Shares
VTR,Ventas Inc. Common Stock
EXR,Extra Space Storage Inc Common Stock
NUE,Nucor Corporation Common Stock
MCHPP,Microchip Technology Incorporated Depositary Shares Each Representing a 1/20th Interest in a Share of 7.50% Series A Mandatory Convertible Preferred Stock
IR,Ingersoll Rand Inc. Common Stock
ERIC,Ericsson American Depositary Shares
STLA,Stellantis N.V. Common Shares
STRF,Strategy Inc 10.00% Series A Perpetual Strife Preferred Stock
CVE,Cenovus Energy Inc Common Stock
IRM,Iron Mountain Incorporated (Delaware)Common Stock REIT
HPE,Hewlett Packard Enterprise Company Common Stock
RKLB,Rocket Lab Corporation Common Stock
BBDO,Banco Bradesco Sa American Depositary Shares (each representing one Common Share)
PSTG,Pure Storage Inc. Class A Common Stock
QSR,Restaurant Brands International Inc. Common Shares
ADM,Archer-Daniels-Midland Company Common Stock
WDS,Woodside Energy Group Limited American Depositary Shares each representing one Ordinary Share
MT,Arcelor Mittal NY Registry Shares NEW
KB,KB Financial Group Inc
KHC,The Kraft Heinz Company Common Stock
TSCO,Tractor Supply Company Common Stock
TEF,Telefonica SA Common Stock
MTD,Mettler-Toledo International Inc. Common Stock
DTE,DTE Energy Company Common Stock
KGC,Kinross Gold Corporation Common Stock
KEYS,Keysight Technologies Inc. Common Stock
BRO,Brown & Brown Inc. Common Stock
MTB,M&T Bank Corporation Common Stock
EFX,Equifax Inc. Common Stock
IX,ORIX Corporation American Depositary Shares
K,Kellanova Common Stock
KVUE,Kenvue Inc. Common Stock
SMCI,Super Micro Computer Inc. Common Stock
ASX,ASE Technology Holding Co. Ltd. American Depositary Shares (each representing Two Common Shares) 
ODFL,Old Dominion Freight Line Inc. Common Stock
WRB,W.R. Berkley Corporation Common Stock
NTR,Nutrien Ltd. Common Shares
ATO,Atmos Energy Corporation Common Stock
VOD,Vodafone Group Plc American Depositary Shares
FITB,Fifth Third Bancorp Common Stock
AEE,Ameren Corporation Common Stock
WIT,Wipro Limited Common Stock
JBS,JBS N.V. Class A Common Shares
STRC,Strategy Inc Variable Rate Series A Perpetual Stretch Preferred Stock
NBIS,Nebius Group N.V. Class A Ordinary Shares
SYF,Synchrony Financial Common Stock
ES,Eversource Energy (D/B/A) Common Stock
AWK,American Water Works Company Inc. Common Stock
PPL,PPL Corporation Common Stock
KLAR,Klarna Group plc Ordinary Shares
DXCM,DexCom Inc. Common Stock
ROL,Rollins Inc. Common Stock
ALAB,Astera Labs Inc. Common Stock
AMRZ,Amrize Ltd Ordinary Shares
ECCF,Eagle Point Credit Company Inc. 8.00% Series F Term Preferred Stock due 2029
LPLA,LPL Financial Holdings Inc. Common Stock
BR,Broadridge Financial Solutions Inc. Common Stock
SNDK,Sandisk Corporation Common Stock
MDB,MongoDB Inc. Class A Common Stock
EXPE,Expedia Group Inc. Common Stock
AVB,AvalonBay Communities Inc. Common Stock
FE,FirstEnergy Corp. Common Stock
CRDO,Credo Technology Group Holding Ltd Ordinary Shares
HBANP,Huntington Bancshares Incorporated Depositary Shares 4.500% Series H Non-Cumulative Perpetual Preferred Stock
VIK,Viking Holdings Ltd Ordinary Shares
AGNCN,AGNC Investment Corp. Depositary Shares Each Representing a 1/1000th Interest in a Share of 7.00% Series C Fixed-To-Floating Rate Cumulative Redeemable Preferred Stock
CBOE,Cboe Global Markets Inc. Common Stock
PHG,Koninklijke Philips N.V. NY Registry Shares
AGNCZ,AGNC Investment Corp. Depositary Shares Each Representing a 1/1000th Interest in a Share of 8.75% Series H Fixed-Rate Cumulative Redeemable Preferred Stock
ONON,On Holding AG Class A Ordinary Shares
FOXA,Fox Corporation Class A Common Stock
ASTS,AST SpaceMobile Inc. Class A Common Stock
NTRA,Natera Inc. Common Stock
CQP,Cheniere Energy Partners LP Common Units
AGNCO,AGNC Investment Corp. Depositary Shares each representing a 1/1000th interest in a share of 6.50% Series E Fixed-to-Floating Cumulative Redeemable Preferred Stock
TW,Tradeweb Markets Inc. Class A Common Stock
FIG,Figma Inc. Class A Common Stock
SHG,Shinhan Financial Group Co Ltd American Depositary Shares
VLTO,Veralto Corp Common Stock 
FSLR,First Solar Inc. Common Stock
FTS,Fortis Inc. Common Shares
AGNCP,AGNC Investment Corp. Depositary Shares Each Representing a 1/1000th Interest in a Share of 6.125% Series F Fixed-to-Floating Rate Cumulative Redeemable Preferred Stock
HPQ,HP Inc. Common Stock
OWL,Blue Owl Capital Inc. Class A Common Stock
BE,Bloom Energy Corporation Class A Common Stock
CNP,CenterPoint Energy Inc (Holding Co) Common Stock
IP,International Paper Company Common Stock
AGNCL,AGNC Investment Corp. Depositary Shares Each Representing a 1/1000th Interest in a Share of 7.75% Series G Fixed-Rate Reset Cumulative Redeemable Preferred Stock
AGNCM,AGNC Investment Corp. Depositary Shares rep 6.875% Series D Fixed-to-Floating Cumulative Redeemable Preferred Stock
TTD,The Trade Desk Inc. Class A Common Stock
BNTX,BioNTech SE American Depositary Share
SOJC,Southern Company (The) Series 2017B 5.25% Junior Subordinated Notes due December 1 2077
CYBR,CyberArk Software Ltd. Ordinary Shares
GIS,General Mills Inc. Common Stock
CIEN,Ciena Corporation Common Stock
ZM,Zoom Communications Inc. Class A Common Stock
TDY,Teledyne Technologies Incorporated Common Stock
STRK,Strategy Inc 8.00% Series A Perpetual Strike Preferred Stock
FUTU,Futu Holdings Limited American Depositary Shares
HUBS,HubSpot Inc. Common Stock
EXE,Expand Energy Corporation Common Stock
AFRM,Affirm Holdings Inc. Class A Common Stock
PTC,PTC Inc. Common Stock
BNH,Brookfield Finance Inc. 4.625% Subordinated Notes due October 16 2080
CINF,Cincinnati Financial Corporation Common Stock
STZ,Constellation Brands Inc. Common Stock
LDOS,Leidos Holdings Inc. Common Stock
DOV,Dover Corporation Common Stock
BAP,Credicorp Ltd. Common Stock
EQR,Equity Residential Common Shares of Beneficial Interest
FLEX,Flex Ltd. Ordinary Shares
NTRS,Northern Trust Corporation Common Stock
EDU,New Oriental Education & Technology Group Inc. Sponsored ADR representing 10 Ordinary Share (Cayman Islands)
BNJ,Brookfield Finance Inc. 4.50% Perpetual Subordinated Notes
TPR,Tapestry Inc. Common Stock
GRAB,Grab Holdings Limited Class A Ordinary Shares
PHM,PulteGroup Inc. Common Stock
MKL,Markel Group Inc. Common Stock
STE,STERIS plc (Ireland) Ordinary Shares
FWONK,Liberty Media Corporation Series C Liberty Formula One Common Stock
FOX,Fox Corporation Class B Common Stock
HBAN,Huntington Bancshares Incorporated Common Stock
PPG,PPG Industries Inc. Common Stock
SOJD,Southern Company (The) Series 2020A 4.95% Junior Subordinated Notes due January 30 2080
NTAP,NetApp Inc. Common Stock
LH,Labcorp Holdings Inc. Common Stock
ULTA,Ulta Beauty Inc. Common Stock
LI,Li Auto Inc. American Depositary Shares
TU,Telus Corporation Ordinary Shares
PINS,Pinterest Inc. Class A Common Stock
HUBB,Hubbell Inc Common Stock
VG,Venture Global Inc. Class A common stock
WSM,Williams-Sonoma Inc. Common Stock (DE)
TER,Teradyne Inc. Common Stock
FCNCA,First Citizens BancShares Inc. Class A Common Stock
VRSN,VeriSign Inc. Common Stock
AER,AerCap Holdings N.V. Ordinary Shares
TROW,T. Rowe Price Group Inc. Common Stock
JBL,Jabil Inc. Common Stock
STRD,Strategy Inc 10.00% Series A Perpetual Stride Preferred Stock
HAL,Halliburton Company Common Stock
PODD,Insulet Corporation Common Stock
IOT,Samsara Inc. Class A Common Stock
STLD,Steel Dynamics Inc.
CFG,Citizens Financial Group Inc. Common Stock
EXEEL,Expand Energy Corporation Class C Warrants
SW,Smurfit WestRock plc Ordinary Shares
EBR,Centrais Electricas Brasileiras S A American Depositary Shares (Each representing one Common Share)
DG,Dollar General Corporation Common Stock
CMS,CMS Energy Corporation Common Stock
TOST,Toast Inc. Class A Common Stock
STM,STMicroelectronics N.V. Common Stock
EIX,Edison International Common Stock
BCE,BCE Inc. Common Stock
PBA,Pembina Pipeline Corp. Ordinary Shares (Canada)
TYL,Tyler Technologies Inc. Common Stock
BIIB,Biogen Inc. Common Stock
ESLT,Elbit Systems Ltd. Ordinary Shares
RF,Regions Financial Corporation Common Stock
FWONA,Liberty Media Corporation Series A Liberty Formula One Common Stock
TEVA,Teva Pharmaceutical Industries Limited American Depositary Shares
RPRX,Royalty Pharma plc Class A Ordinary Shares 
CW,Curtiss-Wright Corporation Common Stock
DRI,Darden Restaurants Inc. Common Stock
WST,West Pharmaceutical Services Inc. Common Stock
WAT,Waters Corporation Common Stock
TPG,TPG Inc. Class A Common Stock
TPL,Texas Pacific Land Corporation Common Stock
SBAC,SBA Communications Corporation Class A Common Stock
SATS,EchoStar  Corporation Common Stock
NVR,NVR Inc. Common Stock
RCI,Rogers Communication Inc. Common Stock
GPN,Global Payments Inc. Common Stock
GWRE,Guidewire Software Inc. Common Stock
CG,The Carlyle Group Inc. Common Stock
DVN,Devon Energy Corporation Common Stock
CHD,Church & Dwight Company Inc. Common Stock
CHKP,Check Point Software Technologies Ltd. Ordinary Shares
TECK,Teck Resources Ltd Ordinary Shares
BEKE,KE Holdings Inc American Depositary Shares (each representing three Class A Ordinary Shares)
L,Loews Corporation Common Stock
ON,ON Semiconductor Corporation Common Stock
CDW,CDW Corporation Common Stock
SSNC,SS&C Technologies Holdings Inc. Common Stock
VIV,Telefonica Brasil S.A. American Depositary Shares (Each representing One Common Share)
XPEV,XPeng Inc. American depositary shares each representing two Class A ordinary shares
NI,NiSource Inc Common Stock
NMR,Nomura Holdings Inc ADR American Depositary Shares
SOJE,Southern Company (The) Series 2020C 4.20% Junior Subordinated Notes due October 15 2060
ZBH,Zimmer Biomet Holdings Inc. Common Stock
DGX,Quest Diagnostics Incorporated Common Stock
RL,Ralph Lauren Corporation Common Stock
LULU,lululemon athletica inc. Common Stock
DLTR,Dollar Tree Inc. Common Stock
COHR,Coherent Corp. Common Stock
BTSGU,BrightSpring Health Services Inc. Tangible Equity Unit
OKLO,Oklo Inc. Class A common stock
CPAY,Corpay Inc. Common Stock
TLK,PT Telekomunikasi Indonesia Tbk
AQNB,Algonquin Power & Utilities Corp. 6.20% Fixed-to-Floating Subordinated Notes Series 2019-A due July 1 2079
GMAB,Genmab A/S ADS
CASY,Casey's General Stores Inc. Common Stock
GIB,CGI Inc. Common Stock
BG,Bunge Limited Common Shares
KEP,Korea Electric Power Corporation Common Stock
KEY,KeyCorp Common Stock
GFS,GlobalFoundries Inc. Ordinary Shares
TS,Tenaris S.A. American Depositary Shares
TRMB,Trimble Inc. Common Stock
BEP,Brookfield Renewable Partners L.P. Limited Partnership Units
DUKB,Duke Energy Corporation 5.625% Junior Subordinated Debentures due 2078
IHG,Intercontinental Hotels Group American Depositary Shares (Each representing one Ordinary Share)
J,Jacobs Solutions Inc. Common Stock
RBA,RB Global Inc. Common Stock
IT,Gartner Inc. Common Stock
UMC,United Microelectronics Corporation (NEW) Common Stock
UTHR,United Therapeutics Corporation Common Stock
AVAV,AeroVironment Inc. Common Stock
NTNX,Nutanix Inc. Class A Common Stock
EC,Ecopetrol S.A. American Depositary Shares
APTV,Aptiv PLC Ordinary Shares
AMCR,Amcor plc Ordinary Shares
Z,Zillow Group Inc. Class C Capital Stock
FTAI,FTAI Aviation Ltd. Common Stock
TLN,Talen Energy Corporation Common Stock
THC,Tenet Healthcare Corporation Common Stock
BWXT,BWX Technologies Inc. Common Stock
PKX,POSCO HOLDINGS INC. American Depositary Shares (Each representing 1/4th of a share of Common Stock)
PKG,Packaging Corporation of America Common Stock
TSN,Tyson Foods Inc. Common Stock
KOF,Coca Cola Femsa S.A.B. de C.V.  American Depositary Shares each representing 10 Units (each Unit consists of 3 Series B Shares and 5 Series L Shares)
GPC,Genuine Parts Company Common Stock
GDDY,GoDaddy Inc. Class A Common Stock
DKS,Dick's Sporting Goods Inc Common Stock
ZG,Zillow Group Inc. Class A Common Stock
PNR,Pentair plc. Ordinary Share
CTRA,Coterra Energy Inc. Common Stock
EVRG,Evergy Inc. Common Stock
MKC,McCormick & Company Incorporated Common Stock
IONQ,IonQ Inc. Common Stock
SNA,Snap-On Incorporated Common Stock
INCY,Incyte Corp. Common Stock
PFG,Principal Financial Group Inc Common Stock
LNT,Alliant Energy Corporation Common Stock
INVH,Invitation Homes Inc. Common Stock
ACM,AECOM Common Stock
AS,Amer Sports Inc. Ordinary Shares
DOW,Dow Inc. Common Stock 
BBY,Best Buy Co. Inc. Common Stock
LII,Lennox International Inc. Common Stock
SGI,Somnigroup International Inc. Common Stock
CRBG,Corebridge Financial Inc. Common Stock
TWLO,Twilio Inc. Class A Common Stock
WY,Weyerhaeuser Company Common Stock
FFIV,F5 Inc. Common Stock
WMG,Warner Music Group Corp. Class A Common Stock
IREN,IREN Limited Ordinary Shares
MEDP,Medpace Holdings Inc. Common Stock
ESS,Essex Property Trust Inc. Common Stock
NWS,News Corporation Class B Common Stock
BCH,Banco De Chile ADS
FITBI,Fifth Third Bancorp Depositary Shares
BURL,Burlington Stores Inc. Common Stock
SBS,Companhia de saneamento Basico Do Estado De Sao Paulo - Sabesp American Depositary Shares (Each repstg 250 Common Shares)
IFF,International Flavors & Fragrances Inc. Common Stock
GEN,Gen Digital Inc. Common Stock
FTV,Fortive Corporation Common Stock 
CNC,Centene Corporation Common Stock
USFD,US Foods Holding Corp. Common Stock
MTZ,MasTec Inc. Common Stock
LUV,Southwest Airlines Company Common Stock
TRU,TransUnion Common Stock
GFL,GFL Environmental Inc. Subordinate voting shares no par value
FITBP,Fifth Third Bancorp Depositary Shares each representing 1/40th share of Fifth Third 6.00% Non-Cumulative Perpetual Class B Preferred Stock Series A
YUMC,Yum China Holdings Inc. Common Stock
HOLX,Hologic Inc. Common Stock
NVT,nVent Electric plc Ordinary Shares 
LOGI,Logitech International S.A. Ordinary Shares
DKNG,DraftKings Inc. Class A Common Stock
KKRS,KKR Group Finance Co. IX LLC 4.625% Subordinated Notes due 2061
CELH,Celsius Holdings Inc. Common Stock
BPYPM,Brookfield Property Partners L.P. 6.25% Class A Cumulative Redeemable Preferred Units Series 1
ULS,UL Solutions Inc. Class A Common Stock
EXPD,Expeditors International of Washington Inc. Common Stock
FMS,Fresenius Medical Care AG American Depositary Shares (Each representing 1/2 of an Ordinary Share)
JBHT,J.B. Hunt Transport Services Inc. Common Stock
FTI,TechnipFMC plc Ordinary Share
WWD,Woodward Inc. Common Stock
ETHA,iShares Ethereum Trust ETF
SNN,Smith & Nephew SNATS Inc. Common Stock
U,Unity Software Inc. Common Stock
RIVN,Rivian Automotive Inc. Class A Common Stock
BIP,Brookfield Infrastructure Partners LP Limited Partnership Units
BSY,Bentley Systems Incorporated Class B Common Stock
ZBRA,Zebra Technologies Corporation Class A Common Stock
OKTA,Okta Inc. Class A Common Stock
PFGC,Performance Food Group Company Common Stock
MAA,Mid-America Apartment Communities Inc. Common Stock
CRS,Carpenter Technology Corporation Common Stock
BPYPO,Brookfield Property Partners L.P. 6.375% Class A Cumulative Redeemable Perpetual Preferred Units Series 2
BPYPP,Brookfield Property Partners L.P. 6.50% Class A Cumulative Redeemable Perpetual Preferred Units
SUI,Sun Communities Inc. Common Stock
FNF,Fidelity National Financial Inc. Common Stock
TEM,Tempus AI Inc. Class A Common Stock
NIO,NIO Inc. American depositary shares each  representing one Class A ordinary share
ZTO,ZTO Express (Cayman) Inc. American Depositary Shares each representing one Class A ordinary share.
SLMBP,SLM Corporation Floating Rate Non-Cumulative Preferred Stock Series B
KTOS,Kratos Defense & Security Solutions Inc. Common Stock
ILMN,Illumina Inc. Common Stock
LYB,LyondellBasell Industries NV Ordinary Shares Class A (Netherlands)
OMC,Omnicom Group Inc. Common Stock
RBRK,Rubrik Inc. Class A Common Stock
BEPC,Brookfield Renewable Corporation Brookfield Renewable Corporation Class A Subordinate Voting Shares
DT,Dynatrace Inc. Common Stock
KIM,Kimco Realty Corporation (HC) Common Stock
FN,Fabrinet Ordinary Shares
JLL,Jones Lang LaSalle Incorporated Common Stock
ERIE,Erie Indemnity Company Class A Common Stock
GLXY,Galaxy Digital Inc. Class A Common Stock
APOS,Apollo Global Management Inc. 7.625% Fixed-Rate Resettable Junior Subordinated Notes due 2053
CHRW,C.H. Robinson Worldwide Inc. Common Stock
NWSA,News Corporation Class A Common Stock
AEG,Aegon Ltd. New York Registry Shares
SREA,DBA Sempra 5.750% Junior Subordinated Notes due 2079
XPO,XPO Inc. Common Stock
EMA,Emera Incorporated Common Shares
WSO,Watsco Inc. Common Stock
EQH,Equitable Holdings Inc. Common Stock
EG,Everest Group Ltd. Common Stock
WPC,W. P. Carey Inc. REIT
WES,Western Midstream Partners LP Common Units Representing Limited Partner Interests
COO,The Cooper Companies Inc. Common Stock
RS,Reliance Inc. Common Stock
CHWY,Chewy Inc. Class A Common Stock
NXT,Nextracker Inc. Class A Common Stock
CSL,Carlisle Companies Incorporated Common Stock
APG,APi Group Corporation Common Stock
VLYPN,Valley National Bancorp 8.250% Fixed-Rate Reset Non-Cumulative Perpetual Preferred Stock Series C
ALLE,Allegion plc Ordinary Shares
ICLR,ICON plc Ordinary Shares
DOCU,DocuSign Inc. Common Stock
BMNR,BitMine Immersion Technologies Inc. Common Stock
SMMT,Summit Therapeutics Inc. Common Stock 
TXT,Textron Inc. Common Stock
DUOL,Duolingo Inc. Class A Common Stock
RPM,RPM International Inc. Common Stock
NBIX,Neurocrine Biosciences Inc. Common Stock
MAS,Masco Corporation Common Stock
BPYPN,Brookfield Property Partners L.P. 5.750% Class A Cumulative Redeemable Perpetual Preferred Units Series 3
KSPI,Joint Stock Company Kaspi.kz American Depository Shares
H,Hyatt Hotels Corporation Class A Common Stock
VLYPP,Valley National Bancorp 6.25% Fixed-to-Floating Rate Non-Cumulative Perpetual Preferred Stock Series A
ROKU,Roku Inc. Class A Common Stock
CLX,Clorox Company (The) Common Stock
ARCC,Ares Capital Corporation Common Stock
AVY,Avery Dennison Corporation Common Stock
EWBC,East West Bancorp Inc. Common Stock
BNT,Brookfield Wealth Solutions Ltd. Class A Exchangeable Limited Voting Shares
VLYPO,Valley National Bancorp 5.50% Fixed-to-Floating Rate Non-Cumulative Perpetual Preferred Stock Series B
RYAN,Ryan Specialty Holdings Inc. Class A Common Stock
DPZ,Domino's Pizza Inc Common Stock
CF,CF Industries Holdings Inc. Common Stock
HLI,Houlihan Lokey Inc. Class A Common Stock
FRMI,Fermi Inc. Common Stock
ENTG,Entegris Inc. Common Stock
JOBY,Joby Aviation Inc. Common Stock
ITT,ITT Inc. Common Stock 
BLDR,Builders FirstSource Inc. Common Stock
GGG,Graco Inc. Common Stock
YMM,Full Truck Alliance Co. Ltd. American Depositary Shares (each representing 20 Class A Ordinary Shares)
FITBO,Fifth Third Bancorp Depositary Shares each representing a 1/1000th ownership interest in a share of Non-Cumulative Perpetual Preferred Stock Series K
CX,Cemex S.A.B. de C.V. Sponsored ADR
SN,SharkNinja Inc. Ordinary Shares
BALL,Ball Corporation Common Stock
LTM,LATAM Airlines Group S.A. American Depositary Shares (each representing two thousand (2000) shares of Common Stock)
CNH,CNH Industrial N.V. Common Shares
NLY,Annaly Capital Management Inc. Common Stock
SNAP,Snap Inc. Class A Common Stock
UHS,Universal Health Services Inc. Common Stock
ARE,Alexandria Real Estate Equities Inc. Common Stock
WF,Woori Financial Group Inc. American Depositary Shares (each representing three (3) shares of Common Stock)
LECO,Lincoln Electric Holdings Inc. Common Shares
BSAC,Banco Santander - Chile ADS
TOL,Toll Brothers Inc. Common Stock
AGI,Alamos Gold Inc. Class A Common Shares
NDSN,Nordson Corporation Common Stock
REG,Regency Centers Corporation Common Stock
CLH,Clean Harbors Inc. Common Stock
PAAS,Pan American Silver Corp. Common Stock
HRL,Hormel Foods Corporation Common Stock
WYNN,Wynn Resorts Limited Common stock
DOC,Healthpeak Properties Inc. Common Stock
MGA,Magna International Inc. Common Stock
SQM,Sociedad Quimica y Minera S.A. Common Stock
RBC,RBC Bearings Incorporated Common Stock
UNM,Unum Group Common Stock
CACI,CACI International Inc. Class A Common Stock
DECK,Deckers Outdoor Corporation Common Stock
ALLY,Ally Financial Inc. Common Stock
STN,Stantec Inc Common Stock
BLD,TopBuild Corp. Common Stock
EHC,Encompass Health Corporation Common Stock
GLPI,Gaming and Leisure Properties Inc. Common Stock
IEX,IDEX Corporation Common Stock
SNX,TD SYNNEX Corporation Common Stock
RGTI,Rigetti Computing Inc. Common Stock
MP,MP Materials Corp. Common Stock
LITE,Lumentum Holdings Inc. Common Stock
RGA,Reinsurance Group of America Incorporated Common Stock
DOCS,Doximity Inc. Class A Common Stock
EVR,Evercore Inc. Class A Common Stock
ROIV,Roivant Sciences Ltd. Common Shares
SAIL,SailPoint Inc. Common Stock
ALB,Albemarle Corporation Common Stock
SOLV,Solventum Corporation Common Stock
QXO,QXO Inc. Common Stock
AMH,American Homes 4 Rent Common Shares of Beneficial Interest
CET,Central Securities Corporation Common Stock
ATI,ATI Inc. Common Stock
CNA,CNA Financial Corporation Common Stock
BILI,Bilibili Inc. American Depositary Shares
ASND,Ascendis Pharma A/S American Depositary Shares
EXAS,Exact Sciences Corporation Common Stock
RDY,Dr. Reddy's Laboratories Ltd Common Stock
LAMR,Lamar Advertising Company Class A Common Stock
BJ,BJ's Wholesale Club Holdings Inc. Common Stock
VTRS,Viatris Inc. Common Stock
SF,Stifel Financial Corporation Common Stock
RGLD,Royal Gold Inc. Common Stock
UDR,UDR Inc. Common Stock
CDE,Coeur Mining Inc. Common Stock
OHI,Omega Healthcare Investors Inc. Common Stock
ELS,Equity Lifestyle Properties Inc. Common Stock
BEN,Franklin Resources Inc. Common Stock
HTHT,H World Group Limited American Depositary Shares
BAX,Baxter International Inc. Common Stock
PAA,Plains All American Pipeline L.P. Common Units representing Limited Partner Interests
MANH,Manhattan Associates Inc. Common Stock
ERJ,Embraer S.A. Common Stock
HII,Huntington Ingalls Industries Inc. Common Stock
BXP,BXP Inc. Common Stock
JEF,Jefferies Financial Group Inc. Common Stock
TXRH,Texas Roadhouse Inc. Common Stock
BIPJ,Brookfield Infrastructure Corporation 7.250% Subordinated Notes due 2084
WTRG,Essential Utilities Inc. Common Stock
PAYC,Paycom Software Inc. Common Stock
STRL,Sterling Infrastructure Inc. Common Stock
SUZ,Suzano S.A. American Depositary Shares (each representing One Ordinary Share)
CCK,Crown Holdings Inc.
RVTY,Revvity Inc. Common Stock
GME,GameStop Corporation Common Stock
RNR,RenaissanceRe Holdings Ltd. Common Stock
SCI,Service Corporation International Common Stock
MLI,Mueller Industries Inc. Common Stock
JKHY,Jack Henry & Associates Inc. Common Stock
RMBS,Rambus Inc. Common Stock
HST,Host Hotels & Resorts Inc. Common Stock
PEGA,Pegasystems Inc. Common Stock
IONS,Ionis Pharmaceuticals Inc. Common Stock
AYI,Acuity Inc. Common Stock
PSKY,Paramount Skydance Corporation Class B Common Stock
BAH,Booz Allen Hamilton Holding Corporation Common Stock
GNRC,Generac Holdlings Inc. Common Stock
PCOR,Procore Technologies Inc. Common Stock
CPT,Camden Property Trust Common Stock
QBTS,D-Wave Quantum Inc. Common Shares
WMS,Advanced Drainage Systems Inc. Common Stock
KRMN,Karman Holdings Inc. Common Stock
COKE,Coca-Cola Consolidated Inc. Common Stock
HMY,Harmony Gold Mining Company Limited
CR,Crane Company Common Stock
AFG,American Financial Group Inc. Common Stock
HIMS,Hims & Hers Health Inc. Class A Common Stock
PNW,Pinnacle West Capital Corporation Common Stock
SWKS,Skyworks Solutions Inc. Common Stock
WCC,WESCO International Inc. Common Stock
POOL,Pool Corporation Common Stock
TIMB,TIM S.A. American Depositary Shares (Each representing 5 Common Shares) 
ELAN,Elanco Animal Health Incorporated Common Stock
DAY,Dayforce Inc. Common Stock
PAC,Grupo Aeroportuario Del Pacifico S.A. B. de C.V. Grupo Aeroportuario Del Pacifico S.A. de C.V. (each representing 10 Series B shares)
VIPS,Vipshop Holdings Limited American Depositary Shares each representing two ordinary shares
SJM,The J.M. Smucker Company Common Stock
UHAL,U-Haul Holding Company Common Stock
PAG,Penske Automotive Group Inc. Common Stock
SWK,Stanley Black & Decker Inc. Common Stock
NVAWW,Nova Minerals Limited Warrant
GL,Globe Life Inc. Common Stock
FDS,FactSet Research Systems Inc. Common Stock
CNM,Core & Main Inc. Class A Common Stock
DRS,Leonardo DRS Inc. Common Stock
W,Wayfair Inc. Class A Common Stock
AKAM,Akamai Technologies Inc. Common Stock
HAS,Hasbro Inc. Common Stock
VNOM,Viper Energy Inc. Class A Common Stock
SMR,NuScale Power Corporation Class A Common Stock
ENSG,The Ensign Group Inc. Common Stock
DTM,DT Midstream Inc. Common Stock 
AIZ,Assurant Inc. Common Stock
OC,Owens Corning Inc Common Stock New
QGEN,Qiagen N.V. Common Shares
AGNC,AGNC Investment Corp. Common Stock
NCLH,Norwegian Cruise Line Holdings Ltd. Ordinary Shares
YPF,YPF Sociedad Anonima Common Stock
FHN,First Horizon Corporation Common Stock
ARMK,Aramark Common Stock
AVTR,Avantor Inc. Common Stock
MTSI,MACOM Technology Solutions Holdings Inc. Common Stock
BMRN,BioMarin Pharmaceutical Inc. Common Stock
EXEL,Exelixis Inc. Common Stock
MRNA,Moderna Inc. Common Stock
SFM,Sprouts Farmers Market Inc. Common Stock
BBIO,BridgeBio Pharma Inc. Common Stock
AES,The AES Corporation Common Stock
CART,Maplebear Inc. Common Stock
IVZ,Invesco Ltd Common Stock
TECH,Bio-Techne Corp Common Stock
ACI,Albertsons Companies Inc. Class A Common Stock
AA,Alcoa Corporation Common Stock 
DINO,HF Sinclair Corporation Common Stock
RVMD,Revolution Medicines Inc. Common Stock
WLK,Westlake Corporation Common Stock
SEIC,SEI Investments Company Common Stock
ENJ,Entergy New Orleans LLC First Mortgage Bonds 5.0% Series due December 1 2052
NVMI,Nova Ltd. Ordinary Shares
AR,Antero Resources Corporation Common Stock
ORI,Old Republic International Corporation Common Stock
CMA,Comerica Incorporated Common Stock
MNDY,monday.com Ltd. Ordinary Shares
OTEX,Open Text Corporation Common Shares
PR,Permian Resources Corporation Class A Common Stock
MMYT,MakeMyTrip Limited Ordinary Shares
IPG,Interpublic Group of Companies Inc. (The) Common Stock
ONBPP,Old National Bancorp Depositary Shares Each Representing a 1/40th Interest in a Share of Series A Preferred Stock
PEN,Penumbra Inc. Common Stock
ONBPO,Old National Bancorp Depositary Shares Each Representing a 1/40th Interest in a Share of Series C Preferred Stock
AIT,Applied Industrial Technologies Inc. Common Stock
KNSL,Kinsale Capital Group Inc. Common Stock
REXR,Rexford Industrial Realty Inc. Common Stock
EMP,Entergy Mississippi LLC First Mortgage Bonds 4.90% Series Due October 1 2066
ALGN,Align Technology Inc. Common Stock
RRX,Regal Rexnord Corporation Common Stock
IDCC,InterDigital Inc. Common Stock
EAI,Entergy Arkansas LLC First Mortgage Bonds 4.875% Series Due September 1 2066
CRL,Charles River Laboratories International Inc. Common Stock
OVV,Ovintiv Inc. (DE)
SARO,StandardAero Inc. Common Stock
AOS,A.O. Smith Corporation Common Stock
DCI,Donaldson Company Inc. Common Stock
FRHC,Freedom Holding Corp. Common Stock
BZ,KANZHUN LIMITED American Depository Shares
JHX,James Hardie Industries plc. Ordinary Shares
MKSI,MKS Inc. Common Stock
CUBE,CubeSmart Common Shares
PSO,Pearson Plc Common Stock
QS,QuantumScape Corporation Class A Common Stock
BWA,BorgWarner Inc. Common Stock
MOS,Mosaic Company (The) Common Stock
AUR,Aurora Innovation Inc. Class A Common Stock
LSCC,Lattice Semiconductor Corporation Common Stock
DDS,Dillard's Inc. Common Stock
XP,XP Inc. Class A Common Stock
DOX,Amdocs Limited Ordinary Shares
TPGXL,TPG Operating Group II L.P. 6.950% Fixed-Rate Junior Subordinated Notes due 2064
FYBR,Frontier Communications Parent Inc. Common Stock
MDGL,Madrigal Pharmaceuticals Inc. Common Stock
WBS,Webster Financial Corporation Common Stock
ESTC,Elastic N.V. Ordinary Shares
UWMC,UWM Holdings Corporation Class A Common Stock
BROS,Dutch Bros Inc. Class A Common Stock
RGEN,Repligen Corporation Common Stock
APLD,Applied Digital Corporation Common Stock
OGE,OGE Energy Corp Common Stock
EGP,EastGroup Properties Inc. Common Stock
LINE,Lineage Inc. Common Stock
WTS,Watts Water Technologies Inc. Class A Common Stock
NYT,New York Times Company (The) Common Stock
MORN,Morningstar Inc. Common Stock
LW,Lamb Weston Holdings Inc. Common Stock 
DVA,DaVita Inc. Common Stock
CPB,The Campbell's Company Common Stock
CAE,CAE Inc. Ordinary Shares
BIO,Bio-Rad Laboratories Inc. Class A Common Stock
SSB,SouthState Bank Corporation Common Stock
TTAN,ServiceTitan Inc. Class A Common Stock
KT,KT Corporation Common Stock
AAL,American Airlines Group Inc. Common Stock
ASR,Grupo Aeroportuario del Sureste S.A. de C.V. Common Stock
SPXC,SPX Technologies Inc. Common Stock
GIL,Gildan Activewear Inc. Class A Sub. Vot. Common Stock
GH,Guardant Health Inc. Common Stock
PSN,Parsons Corporation Common Stock
TAP,Molson Coors Beverage Company Class B Common Stock
GTLS,Chart Industries Inc. Common Stock
RRC,Range Resources Corporation Common Stock
MGM,MGM Resorts International Common Stock
OSK,Oshkosh Corporation (Holding Company)Common Stock
PPC,Pilgrim's Pride Corporation Common Stock
PRH,Prudential Financial Inc. 5.950% Junior Subordinated Notes due 2062
EPAM,EPAM Systems Inc. Common Stock
TTEK,Tetra Tech Inc. Common Stock
RGTIW,Rigetti Computing Inc. Warrants
AWI,Armstrong World Industries Inc Common Stock
ALV,Autoliv Inc. Common Stock
PRS,Prudential Financial Inc. 5.625% Junior Subordinated Notes due 2058
WAL,Western Alliance Bancorporation Common Stock (DE)
PATH,UiPath Inc. Class A Common Stock
CAG,ConAgra Brands Inc. Common Stock
FRT,Federal Realty Investment Trust Common Stock
CAI,Caris Life Sciences Inc. Common Stock
GAP,Gap Inc. (The) Common Stock
APPF,AppFolio Inc. Class A Common Stock
HL,Hecla Mining Company Common Stock
IESC,IES Holdings Inc. Common Stock
AAON,AAON Inc. Common Stock
WTFC,Wintrust Financial Corporation Common Stock
UMBF,UMB Financial Corporation Common Stock
FIVE,Five Below Inc. Common Stock
BRX,Brixmor Property Group Inc. Common Stock
NTSK,Netskope Inc. Class A Common Stock
PRI,Primerica Inc. Common Stock
AM,Antero Midstream Corporation Common Stock
APA,APA Corporation Common Stock
LLYVK,Liberty Media Corporation Series C Liberty Live Common Stock
LAD,Lithia Motors Inc. Common Stock
ATR,AptarGroup Inc. Common Stock
TSEM,Tower Semiconductor Ltd. Ordinary Shares
ICL,ICL Group Ltd. Ordinary Shares
MOD,Modine Manufacturing Company Common Stock
FIGR,Figure Technology Solutions Inc. Class A Common Stock
SFD,Smithfield Foods Inc. Common Stock
DY,Dycom Industries Inc. Common Stock
GMED,Globus Medical Inc. Class A Common Stock
QRVO,Qorvo Inc. Common Stock
JAZZ,Jazz Pharmaceuticals plc Common Stock (Ireland)
PCTY,Paylocity Holding Corporation Common Stock
MOH,Molina Healthcare Inc Common Stock
CIGI,Colliers International Group Inc. Subordinate Voting Shares
EQX,Equinox Gold Corp. Common Shares
NICE,NICE Ltd American Depositary Shares
PRMB,Primo Brands Corporation Class A Common Stock
LYFT,Lyft Inc. Class A Common Stock
HQY,HealthEquity Inc. Common Stock
LUMN,Lumen Technologies Inc. Common Stock
PLNT,Planet Fitness Inc. Common Stock
DSGX,Descartes Systems Group Inc. (The) Common Stock
ADC,Agree Realty Corporation Common Stock
LLYVA,Liberty Media Corporation Series A Liberty Live Common Stock
VMI,Valmont Industries Inc. Common Stock
ONB,Old National Bancorp Common Stock
SUN,Sunoco LP Common Units representing limited partner interests
TIGO,Millicom International Cellular S.A. Common Stock
ACGLO,Arch Capital Group Ltd. Depositary Shares Each Representing 1/1000th Interest in a Share of 5.45% Non-Cumulative Preferred Shares Series F
CIFR,Cipher Mining Inc. Common Stock
CGNX,Cognex Corporation Common Stock
LEVI,Levi Strauss & Co Class A Common Stock
AGCO,AGCO Corporation Common Stock
AMKR,Amkor Technology Inc. Common Stock
SRAD,Sportradar Group AG Class A Ordinary Shares
LBRDK,Liberty Broadband Corporation Class C Common Stock
LBRDA,Liberty Broadband Corporation Class A Common Stock
CFR,Cullen/Frost Bankers Inc. Common Stock
MASI,Masimo Corporation Common Stock
SKM,SK Telecom Co. Ltd. Common Stock
NNN,NNN REIT Inc. Common Stock
BLSH,Bullish Ordinary Shares
DBX,Dropbox Inc. Class A Common Stock
LKQ,LKQ Corporation Common Stock
BIPH,Brookfield Infrastructure Corporation 5.000% Subordinated Notes due 2081
RIOT,Riot Platforms Inc. Common Stock 
FLR,Fluor Corporation Common Stock
STVN,Stevanato Group S.p.A. Ordinary Shares
BIRK,Birkenstock Holding plc Ordinary Shares
KVYO,Klaviyo Inc. Series A Common Stock
SBSW,D/B/A Sibanye-Stillwater Limited ADS
RGC,Regencell Bioscience Holdings Limited Ordinary Shares
CFLT,Confluent Inc. Class A Common Stock
MTCH,Match Group Inc. Common Stock
WIX,Wix.com Ltd. Ordinary Shares
ZION,Zions Bancorporation N.A. Common Stock
FND,Floor & Decor Holdings Inc. Common Stock
ZWS,Zurn Elkay Water Solutions Corporation Common Stock
HSIC,Henry Schein Inc. Common Stock
HALO,Halozyme Therapeutics Inc. Common Stock
SAIA,Saia Inc. Common Stock
BPOP,Popular Inc. Common Stock
PRIM,Primoris Services Corporation Common Stock
TAL,TAL Education Group American Depositary Shares
ZK,ZEEKR Intelligent Technology Holding Limited American Depositary Shares (each representing ten (10) Ordinary Shares)
LOAR,Loar Holdings Inc. Common Stock
AEIS,Advanced Energy Industries Inc. Common Stock
CORT,Corcept Therapeutics Incorporated Common Stock
COLB,Columbia Banking System Inc. Common Stock
FSS,Federal Signal Corporation Common Stock
INFA,Informatica Inc. Class A Common Stock
INGR,Ingredion Incorporated Common Stock
LNC,Lincoln National Corporation Common Stock
EXP,Eagle Materials Inc Common Stock
VNO,Vornado Realty Trust Common Stock
CVLT,Commvault Systems Inc. Common Stock
TFII,TFI International Inc. Common Shares
VFS,VinFast Auto Ltd. Ordinary Shares
FSV,FirstService Corporation Common Shares
AHR,American Healthcare REIT Inc. Common Stock
STEP,StepStone Group Inc. Class A Common Stock
MHK,Mohawk Industries Inc. Common Stock
FR,First Industrial Realty Trust Inc. Common Stock
BBU,Brookfield Business Partners L.P. Limited Partnership Units 
STUB,StubHub Holdings Inc. Class A Common Stock
RTO,Rentokil Initial plc American Depositary Shares (each representing five (5) Ordinary Shares)
NFG,National Fuel Gas Company Common Stock
CMSD,CMS Energy Corporation 5.875% Junior Subordinated Notes due 2079
CAVA,CAVA Group Inc. Common Stock
LIF,Life360 Inc. Common Stock
KNX,Knight-Swift Transportation Holdings Inc.
RYTM,Rhythm Pharmaceuticals Inc. Common Stock
SOUN,SoundHound AI Inc Class A Common Stock
IBP,Installed Building Products Inc. Common Stock
ETSY,Etsy Inc. Common Stock
MUSA,Murphy USA Inc. Common Stock
AN,AutoNation Inc. Common Stock
IDA,IDACORP Inc. Common Stock
TTC,Toro Company (The) Common Stock
SSD,Simpson Manufacturing Company Inc. Common Stock
ESAB,ESAB Corporation Common Stock
ACHR,Archer Aviation Inc. Class A Common Stock
ADT,ADT Inc. Common Stock
CMSC,CMS Energy Corporation 5.875% Junior Subordinated Notes due 2078
SOLSV,Solstice Advanced Materials Inc. Common Stock When Issued
UGI,UGI Corporation Common Stock
TX,Ternium S.A. Ternium S.A. American Depositary Shares (each representing ten shares USD1.00 par value)
BEPJ,Brookfield BRP Holdings (Canada) Inc. 7.250% Perpetual Subordinated Notes
MARA,MARA Holdings Inc. Common Stock
WING,Wingstop Inc. Common Stock
STAG,Stag Industrial Inc. Common Stock
SIRI,SiriusXM Holdings Inc. Common Stock
EMN,Eastman Chemical Company Common Stock
OLLI,Ollie's Bargain Outlet Holdings Inc. Common Stock
GTLB,GitLab Inc. Class A Common Stock
MRUS,Merus N.V. Common Shares
CIB,Grupo Cibest S.A. American Depositary Shares each representing four Preferred Shares
SANM,Sanmina Corporation Common Stock
AXS,Axis Capital Holdings Limited Common Stock
AL,Air Lease Corporation Class A Common Stock
CBSH,Commerce Bancshares Inc. Common Stock
VOYA,Voya Financial Inc. Common Stock
CHDN,Churchill Downs Incorporated Common Stock
NEU,NewMarket Corp Common Stock
ABVX,Abivax SA American Depositary Shares
CTRE,CareTrust REIT Inc. Common Stock
CMSA,CMS Energy Corporation 5.625% Junior Subordinated Notes due 2078
CHYM,Chime Financial Inc. Class A Common Stock
GGB,Gerdau S.A. Common Stock
GDS,GDS Holdings Limited ADS
HRB,H&R Block Inc. Common Stock
OLED,Universal Display Corporation Common Stock
FLS,Flowserve Corporation Common Stock
VRNS,Varonis Systems Inc. Common Stock
LEU,Centrus Energy Corp. Class A Common Stock
SITM,SiTime Corporation Common Stock
ELF,e.l.f. Beauty Inc. Common Stock
ALSN,Allison Transmission Holdings Inc. Common Stock
CYTK,Cytokinetics Incorporated Common Stock
JXN,Jackson Financial Inc. Class A Common Stock 
MNSO,MINISO Group Holding Limited American Depositary Shares each representing four Ordinary Shares
BTG,B2Gold Corp Common shares (Canada)
G,Genpact Limited Common Stock
PFSI,PennyMac Financial Services Inc. Common Stock
PI,Impinj Inc. Common Stock
PNFP,Pinnacle Financial Partners Inc. Common Stock
STWD,STARWOOD PROPERTY TRUST INC. Starwood Property Trust Inc.
FCFS,FirstCash Holdings Inc. Common Stock
IAG,Iamgold Corporation Ordinary Shares
AMG,Affiliated Managers Group Inc. Common Stock
WAY,Waystar Holding Corp. Common Stock
OMF,OneMain Holdings Inc. Common Stock
CMC,Commercial Metals Company Common Stock
JBTM,JBT Marel Corporation Common Stock
BOKF,BOK Financial Corporation Common Stock
FOUR,Shift4 Payments Inc. Class A Common Stock
NUVL,Nuvalent Inc. Class A Common Stock
GTES,Gates Industrial Corporation plc Ordinary Shares
MIDD,Middleby Corporation (The) Common Stock
CRUS,Cirrus Logic Inc. Common Stock
OTF,Blue Owl Technology Finance Corp. Common Stock
LFUS,Littelfuse Inc. Common Stock
CADE,Cadence Bank Common Stock
OBDC,Blue Owl Capital Corporation Common Stock
ACGLN,Arch Capital Group Ltd. Depositary Shares each Representing a 1/1000th Interest in a 4.550% Non-Cumulative Preferred Share Series G
EXLS,ExlService Holdings Inc. Common Stock
REZI,Resideo Technologies Inc. Common Stock 
LRN,Stride Inc. Common Stock
ROAD,Construction Partners Inc. Class A Common Stock
HLNE,Hamilton Lane Incorporated Class A Common Stock
PFH,Prudential Financial Inc. 4.125% Junior Subordinated Notes due 2060
ONTO,Onto Innovation Inc. Common Stock
CGABL,The Carlyle Group Inc. 4.625% Subordinated Notes due 2061
KD,Kyndryl Holdings Inc. Common Stock
MSA,MSA Safety Incorporated Common Stock
HR,Healthcare Realty Trust Incorporated Common Stock
PONY,Pony AI Inc. American Depositary Shares 
KNTK,Kinetik Holdings Inc. Class A Common Stock
R,Ryder System Inc. Common Stock
GRFS,Grifols S.A. American Depositary Shares
KMX,CarMax Inc
CLF,Cleveland-Cliffs Inc. Common Stock
JHG,Janus Henderson Group plc Ordinary Shares
FAF,First American Corporation (New) Common Stock
AXSM,Axsome Therapeutics Inc. Common Stock
LPX,Louisiana-Pacific Corporation Common Stock
ORA,Ormat Technologies Inc. Common Stock
DLB,Dolby Laboratories Common Stock
RDNT,RadNet Inc. Common Stock
SNV,Synovus Financial Corp. Common Stock
MKTX,MarketAxess Holdings Inc. Common Stock
VFC,V.F. Corporation Common Stock
LNW,Light & Wonder Inc. Common Stock
CHE,Chemed Corp
UEC,Uranium Energy Corp. Common Stock
ESI,Element Solutions Inc. Common Stock
RNA,Avidity Biosciences Inc. Common Stock
BYD,Boyd Gaming Corporation Common Stock
MTG,MGIC Investment Corporation Common Stock
TRNO,Terreno Realty Corporation Common Stock
VNT,Vontier Corporation Common Stock 
AXTA,Axalta Coating Systems Ltd. Common Shares
AG,First Majestic Silver Corp. Ordinary Shares (Canada)
HBM,Hudbay Minerals Inc. Ordinary Shares (Canada)
OR,OR Royalties Inc. Common Shares
GXO,GXO Logistics Inc. Common Stock 
THG,Hanover Insurance Group Inc
RRR,Red Rock Resorts Inc. Class A Common Stock
ITRI,Itron Inc. Common Stock
PIPR,Piper Sandler Companies Common Stock
ARW,Arrow Electronics Inc. Common Stock
EPRT,Essential Properties Realty Trust Inc. Common Stock
CRSP,CRISPR Therapeutics AG Common Shares
VLY,Valley National Bancorp Common Stock
LOPE,Grand Canyon Education Inc. Common Stock
FBIN,Fortune Brands Innovations Inc. Common Stock
URBN,Urban Outfitters Inc. Common Stock
TTMI,TTM Technologies Inc. Common Stock
ESNT,Essent Group Ltd. Common Shares
SGHC,Super Group (SGHC) Limited Ordinary Shares
BOOT,Boot Barn Holdings Inc. Common Stock
EGO,Eldorado Gold Corporation Ordinary Shares
PB,Prosperity Bancshares Inc. Common Stock
TXNM,TXNM Energy Inc. Common Stock
TMHC,Taylor Morrison Home Corporation Common Stock
MAT,Mattel Inc. Common Stock
POST,Post Holdings Inc. Common Stock
BTSG,BrightSpring Health Services Inc. Common Stock
CORZZ,Core Scientific Inc. Tranche 2 Warrants
BRKR,Bruker Corporation Common Stock
CCCS,CCC Intelligent Solutions Holdings Inc. Common Stock
CORZ,Core Scientific Inc. Common Stock
SWX,Southwest Gas Holdings Inc. Common Stock (DE)
S,SentinelOne Inc. Class A Common Stock
SMTC,Semtech Corporation Common Stock
BIPC,Brookfield Infrastructure Corporation Brookfield Infrastructure Corporation
OPEN,Opendoor Technologies Inc Common Stock
GLBE,Global-E Online Ltd. Ordinary Shares
LEGN,Legend Biotech Corporation American Depositary Shares
THO,Thor Industries Inc. Common Stock
TFX,Teleflex Incorporated Common Stock
FROG,JFrog Ltd. Ordinary Shares
IRTC,iRhythm Technologies Inc. Common Stock
MIR,Mirion Technologies Inc. Class A Common Stock
HXL,Hexcel Corporation Common Stock
NXST,Nexstar Media Group Inc. Common Stock
TFPM,Triple Flag Precious Metals Corp. Common Shares
RITM,Rithm Capital Corp. Common Stock
GSAT,Globalstar Inc. Common Stock
GATX,GATX Corporation Common Stock
BFAM,Bright Horizons Family Solutions Inc. Common Stock
ALGM,Allegro MicroSystems Inc. Common Stock
ESE,ESCO Technologies Inc. Common Stock
BVN,Buenaventura Mining Company Inc.
LTH,Life Time Group Holdings Inc. Common Stock
CACC,Credit Acceptance Corporation Common Stock
GGAL,Grupo Financiero Galicia S.A. American Depositary Shares
KBR,KBR Inc. Common Stock
LCID,Lucid Group Inc. Common Stock
EAT,Brinker International Inc. Common Stock
WH,Wyndham Hotels & Resorts Inc. Common Stock 
CIG,Comp En De Mn Cemig ADS American Depositary Shares
RLI,RLI Corp. Common Stock (DE)
CWST,Casella Waste Systems Inc. Class A Common Stock
SLM,SLM Corporation Common Stock
FNB,F.N.B. Corporation Common Stock
SITE,SiteOne Landscape Supply Inc. Common Stock
MC,Moelis & Company Class A Common Stock
BBWI,Bath & Body Works Inc.
CWAN,Clearwater Analytics Holdings Inc. Class A Common Stock
LAZ,Lazard Inc. Common Stock
CAR,Avis Budget Group Inc. Common Stock
BMI,Badger Meter Inc. Common Stock
MTSR,Metsera Inc. Common Stock
ATGE,Adtalem Global Education Inc. Common Stock
ATAT,Atour Lifestyle Holdings Limited American Depositary Shares
BLCO,Bausch + Lomb Corporation Common Shares
RHP,Ryman Hospitality Properties Inc. (REIT)
AMTM,Amentum Holdings Inc. Common Stock
CMCM,Cheetah Mobile Inc. American Depositary Shares each representing fifty (50) Class A Ordinary Shares
GPI,Group 1 Automotive Inc. Common Stock
PCVX,Vaxcyte Inc. Common Stock
WEX,WEX Inc. common stock
MTN,Vail Resorts Inc. Common Stock
MSGS,Madison Square Garden Sports Corp. Class A Common Stock (New)
TKR,Timken Company (The) Common Stock
DAR,Darling Ingredients Inc. Common Stock
CLSK,CleanSpark Inc. Common Stock
SOBO,South Bow Corporation Common Shares
CAMT,Camtek Ltd. Ordinary Shares
LEA,Lear Corporation Common Stock
ACT,Enact Holdings Inc. Common Stock
HOMB,Home BancShares Inc. Common Stock
KRYS,Krystal Biotech Inc. Common Stock
MRP,Millrose Properties Inc. Class A Common Stock
UFPI,UFP Industries Inc. Common Stock
WULF,TeraWulf Inc. Common Stock
ENIC,Enel Chile S.A. American Depositary Shares (Each representing 50 shares of Common Stock)
TKC,Turkcell Iletisim Hizmetleri AS Common Stock
BULL,Webull Corporation Class A Ordinary Shares
CHRD,Chord Energy Corporation Common Stock
TGTX,TG Therapeutics Inc. Common Stock
PTCT,PTC Therapeutics Inc. Common Stock
ARWR,Arrowhead Pharmaceuticals Inc. Common Stock
SR,Spire Inc. Common Stock
TREX,Trex Company Inc. Common Stock
FRO,Frontline Plc Ordinary Shares
CRK,Comstock Resources Inc. Common Stock
ALH,Alliance Laundry Holdings Inc. Common Stock
SNEX,StoneX Group Inc. Common Stock
BILL,BILL Holdings Inc. Common Stock
ACIW,ACI Worldwide Inc. Common Stock
CPA,Copa Holdings S.A. Class A Common Stock
GBCI,Glacier Bancorp Inc. Common Stock
GNTX,Gentex Corporation Common Stock
OZK,Bank OZK Common Stock
WPP,WPP plc American Depositary Shares
UBSI,United Bankshares Inc. Common Stock
STNE,StoneCo Ltd. Class A Common Shares
ATHS,Athene Holding Ltd. 7.250% Fixed-Rate Reset Junior Subordinated Debentures due 2064
WFG,West Fraser Timber Co. Ltd Common stock
NOV,NOV Inc. Common Stock
NGD,New Gold Inc.
MAIN,Main Street Capital Corporation Common Stock
VIRT,Virtu Financial Inc. Class A Common Stock
SEE,Sealed Air Corporation Common Stock
GPK,Graphic Packaging Holding Company
TAC,TransAlta Corporation Ordinary Shares
VSAT,ViaSat Inc. Common Stock
ABTC,American Bitcoin Corp. Class A Common Stock
INGM,Ingram Micro Holding Corporation Common Stock
BCPC,Balchem Corporation Common Stock
MTH,Meritage Homes Corporation Common Stock
ABCB,Ameris Bancorp Common Stock
UPST,Upstart Holdings Inc. Common stock
POR,Portland General Electric Co Common Stock
WFRD,Weatherford International plc Ordinary Shares
ALK,Alaska Air Group Inc. Common Stock
KRG,Kite Realty Group Trust Common Stock
FLG,Flagstar Bank N.A. Common Stock
HUT,Hut 8 Corp. Common Stock
M,Macy's Inc Common Stock
FTDR,Frontdoor Inc. Common Stock
WK,Workiva Inc. Class A Common Stock
ENO,Entergy New Orleans LLC First Mortgage Bonds 5.50% Series due April 1 2066
NXE,Nexgen Energy Ltd. Common Shares
OSCR,Oscar Health Inc. Class A Common Stock
OGS,ONE Gas Inc. Common Stock
OMAB,Grupo Aeroportuario del Centro Norte S.A.B. de C.V. ADS
LPL,LG Display Co Ltd AMERICAN DEPOSITORY SHARES
MMS,Maximus Inc. Common Stock
WTM,White Mountains Insurance Group Ltd. Common Stock
UUUU,Energy Fuels Inc Ordinary Shares (Canada)
REYN,Reynolds Consumer Products Inc. Common Stock
ALKS,Alkermes plc Ordinary Shares
NPO,Enpro Inc. Common Stock
DOOO,BRP Inc. (Recreational Products) Common Subordinate Voting Shares
MSM,MSC Industrial Direct Company Inc. Common Stock
MMSI,Merit Medical Systems Inc. Common Stock
RAL,Ralliant Corporation Common Stock
MTDR,Matador Resources Company Common Stock
FCN,FTI Consulting Inc. Common Stock
AUB,Atlantic Union Bankshares Corporation Common Stock
NE,Noble Corporation plc A Ordinary Shares
HHH,Howard Hughes Holdings Inc. Common Stock
KEX,Kirby Corporation Common Stock
AVAL,Grupo Aval Acciones y Valores S.A. ADR (Each representing 20 preferred shares)
KRC,Kilroy Realty Corporation Common Stock
IFS,Intercorp Financial Services Inc. Common Shares
DORM,Dorman Products Inc. Common Stock
BKH,Black Hills Corporation Common Stock
RUN,Sunrun Inc. Common Stock
BCO,Brinks Company (The) Common Stock
BOX,Box Inc. Class A Common Stock
NNI,Nelnet Inc. Common Stock
GOLF,Acushnet Holdings Corp. Common Stock
SHC,Sotera Health Company Common Stock
ECG,Everus Construction Group Inc. Common Stock
BEPI,Brookfield BRP Holdings (Canada) Inc. 4.875% Perpetual Subordinated Notes
SLGN,Silgan Holdings Inc. Common Stock
MRCY,Mercury Systems Inc Common Stock
ENPH,Enphase Energy Inc. Common Stock
HWC,Hancock Whitney Corporation Common Stock
KTB,Kontoor Brands Inc. Common Stock 
ABG,Asbury Automotive Group Inc Common Stock
IEP,Icahn Enterprises L.P. Common Stock
SIGI,Selective Insurance Group Inc. Common Stock
BC,Brunswick Corporation Common Stock
ACLX,Arcellx Inc. Common Stock
BDC,Belden Inc Common Stock
CVCO,Cavco Industries Inc. Common Stock When Issued
HCXY,Hercules Capital Inc. 6.25% Notes due 2033
DTW,DTE Energy Company 2017 Series E 5.25% Junior Subordinated Debentures due 2077
PTGX,Protagonist Therapeutics Inc. Common Stock
ST,Sensata Technologies Holding plc Ordinary Shares
SSRM,SSR Mining Inc. Common Stock
SPR,Spirit Aerosystems Holdings Inc. Common Stock
ELC,Entergy Louisiana Inc. Collateral Trust Mortgage Bonds 4.875 % Series due September 1 2066
RDN,Radian Group Inc. Common Stock
NOVT,Novanta Inc. Common Stock
WOLF,Wolfspeed Inc. Common Stock New
NJR,NewJersey Resources Corporation Common Stock
CNX,CNX Resources Corporation Common Stock
CZR,Caesars Entertainment Inc. Common Stock
MENS,Jyong Biotech Ltd. Ordinary Shares
CE,Celanese Corporation Common Stock
QLYS,Qualys Inc. Common Stock
ACA,Arcosa Inc. Common Stock 
MZTI,The Marzetti Company Common Stock
GVA,Granite Construction Incorporated Common Stock
BTDR,Bitdeer Technologies Group Class A Ordinary Shares
TV,Grupo Televisa S.A.B. Common Stock
LB,LandBridge Company LLC Class A Shares Representing Limited Liability Company Interests
MAC,Macerich Company (The) Common Stock
ENS,EnerSys Common Stock
AX,Axos Financial Inc. Common Stock
OPCH,Option Care Health Inc. Common Stock
PDI,PIMCO Dynamic Income Fund Common Stock
CROX,Crocs Inc. Common Stock
LSTR,Landstar System Inc. Common Stock
CHH,Choice Hotels International Inc. Common Stock
BEPH,Brookfield BRP Holdings (Canada) Inc. 4.625% Perpetual Subordinated Notes
AROC,Archrock Inc. Common Stock
TDS,Telephone and Data Systems Inc. Common Shares
BGC,BGC Group Inc. Class A Common Stock
ZETA,Zeta Global Holdings Corp. Class A Common Stock
CUZ,Cousins Properties Incorporated Common Stock
CLBT,Cellebrite DI Ltd. Ordinary Shares
GHC,Graham Holdings Company Common Stock
FFIN,First Financial Bankshares Inc. Common Stock
TMDX,TransMedics Group Inc. Common Stock
MGY,Magnolia Oil & Gas Corporation Class A Common Stock
PJT,PJT Partners Inc. Class A Common Stock
HESM,Hess Midstream LP Class A Representing Limited Partner Interests
SLAB,Silicon Laboratories Inc. Common Stock
AQN,Algonquin Power & Utilities Corp. Common Shares
POWL,Powell Industries Inc. Common Stock
LAUR,Laureate Education Inc. Common Stock
FELE,Franklin Electric Co. Inc. Common Stock
MCY,Mercury General Corporation Common Stock
RSI,Rush Street Interactive Inc. Class A Common Stock
DJT,Trump Media & Technology Group Corp. Common Stock
HRI,Herc Holdings Inc. Common Stock 
REGCP,Regency Centers Corporation 6.25% Series A Cumulative Redeemable Preferred Stock
OS,OneStream Inc. Class A Common Stock
CALM,Cal-Maine Foods Inc. Common Stock
PECO,Phillips Edison & Company Inc. Common Stock
SBRA,Sabra Health Care REIT Inc. Common Stock
DHCNL,Diversified Healthcare Trust 6.25% Senior Notes Due 2046
SAIC,Science Applications International Corporation Common Stock
CIFRW,Cipher Mining Inc. Warrant
RUSHB,Rush Enterprises Inc. Class B
SKY,Champion Homes Inc. Common Stock
DLO,DLocal Limited Class A Common Shares
AKRO,Akero Therapeutics Inc. Common Stock
AVT,Avnet Inc. Common Stock
AD,Array Digital Infrastructure Inc. Common Shares
VVV,Valvoline Inc. Common Stock
GKOS,Glaukos Corporation Common Stock
CNR,Core Natural Resources Inc. Common Stock
SIM,Grupo Simec S.A.B. de C.V. American Depositary Shares
REGCO,Regency Centers Corporation 5.875% Series B Cumulative Redeemable Preferred Stock
SSL,Sasol Ltd. American Depositary Shares
FSK,FS KKR Capital Corp. Common Stock
SPSC,SPS Commerce Inc. Common Stock
IBOC,International Bancshares Corporation Common Stock
SIG,Signet Jewelers Limited Common Shares
VCTR,Victory Capital Holdings Inc. Class A Common Stock
ASB,Associated Banc-Corp Common Stock
OXLCP,Oxford Lane Capital Corp. 6.25% Series 2027 Term Preferred Shares
TNL,Travel   Leisure Co. Common  Stock
OSIS,OSI Systems Inc. Common Stock (DE)
COMP,Compass Inc. Class A Common Stock
OXLCN,Oxford Lane Capital Corp. 7.125% Series 2029 Term Preferred Stock
OXLCZ,Oxford Lane Capital Corp. 5.00% Notes due 2027
PL,Planet Labs PBC Class A Common Stock
UGP,Ultrapar Participacoes S.A. (New) American Depositary Shares (Each representing one Common Share)
KYMR,Kymera Therapeutics Inc. Common Stock
EOSE,Eos Energy Enterprises Inc. Class A Common Stock
BRBR,BellRing Brands Inc. Common Stock 
YOU,Clear Secure Inc. Class A Common Stock
OXLCL,Oxford Lane Capital Corp. 6.75% Notes due 2031
UNMA,Unum Group 6.250% Junior Subordinated Notes due 2058
MUR,Murphy Oil Corporation Common Stock
DHCNI,Diversified Healthcare Trust 5.625% Senior Notes due 2042
WHR,Whirlpool Corporation Common Stock
PVH,PVH Corp. Common Stock
CSW,CSW Industrials Inc. Common Stock
PHI,PLDT Inc. Sponsored ADR
SXT,Sensient Technologies Corporation Common Stock
AGX,Argan Inc. Common Stock
ENLT,Enlight Renewable Energy Ltd. Ordinary Shares
EPR,EPR Properties Common Stock
WSC,WillScot Holdings Corporation Class A Common Stock
MDU,MDU Resources Group Inc. Common Stock (Holding Company)
KBH,KB Home Common Stock
VICR,Vicor Corporation Common Stock
RCC,Ready Capital Corporation 5.75% Senior Notes due 2026
VERX,Vertex Inc. Class A Common Stock
SKYW,SkyWest Inc. Common Stock
MWA,MUELLER WATER PRODUCTS Common Stock
HGV,Hilton Grand Vacations Inc. Common Stock 
VAL,Valaris Limited Common Shares
RCB,Ready Capital Corporation 6.20% Senior Notes due 2026
VIA,Via Transportation Inc. Class A Common Stock
OXLCO,Oxford Lane Capital Corp. Preferred Stock Shares 6.00% Series 2029
NAMS,NewAmsterdam Pharma Company N.V. Ordinary Shares
SNDR,Schneider National Inc. Common Stock
CALX,Calix Inc Common Stock
FG,F&G Annuities & Life Inc. Common Stock
NIQ,NIQ Global Intelligence plc Ordinary Shares
GLNG,Golar Lng Ltd
PII,Polaris Inc. Common Stock
SON,Sonoco Products Company Common Stock
CRC,California Resources Corporation Common Stock
CVI,CVR Energy Inc. Common Stock
INTR,Inter & Co. Inc. Class A Common Shares
CWK,Cushman & Wakefield plc Ordinary Shares
FLY,Firefly Aerospace Inc. Common Stock
RUSHA,Rush Enterprises Inc. Common Stock Cl A
CORZW,Core Scientific Inc. Tranche 1 Warrants
AGO,Assured Guaranty Ltd. Common Stock
SHAK,Shake Shack Inc. Class A Common Stock
LBTYB,Liberty Global Ltd. Class B Common Shares
PBF,PBF Energy Inc. Class A Common Stock
ALE,Allete Inc.
PAY,Paymentus Holdings Inc. Class A Common Stock
COLD,Americold Realty Trust Inc. Common Stock
TCBI,Texas Capital Bancshares Inc. Common Stock
VKTX,Viking Therapeutics Inc. Common Stock
HNGE,Hinge Health Inc. Class A Common Stock
NTRSO,Northern Trust Corporation Depositary Shares Each Representing a 1/1000th Interest in a Share of Series E Non-Cumulative Perpetual Preferred Stock
CNO,CNO Financial Group Inc. Common Stock
QTWO,Q2 Holdings Inc. Common Stock
PLXS,Plexus Corp. Common Stock
CRVL,CorVel Corp. Common Stock
SFBS,ServisFirst Bancshares Inc. Common Stock
CRNX,Crinetics Pharmaceuticals Inc. Common Stock
LMND,Lemonade Inc. Common Stock
USLM,United States Lime & Minerals Inc. Common Stock
GBTG,Global Business Travel Group Inc. Class A Common Stock
NWE,NorthWestern Energy Group Inc. Common Stock
DTG,DTE Energy Company 2021 Series E 4.375% Junior Subordinated Debentures
VRRM,Verra Mobility Corporation Class A Common Stock
TFSL,TFS Financial Corporation Common Stock
RLX,RLX Technology Inc. American Depositary Shares each representing the right to receive one (1) Class A ordinary share
VIST,Vista Energy S.A.B. de C.V. American Depositary Shares each representing one series A share with no par value
LNTH,Lantheus Holdings Inc. Common Stock
FMC,FMC Corporation Common Stock
DTB,DTE Energy Company 2020 Series G 4.375% Junior Subordinated Debentures due 2080
IRT,Independence Realty Trust Inc. Common Stock
LBTYK,Liberty Global Ltd. Class C Common Shares
CBT,Cabot Corporation Common Stock
CXT,Crane NXT Co. Common Stock
PSMT,PriceSmart Inc. Common Stock
VSEC,VSE Corporation Common Stock
GBDC,Golub Capital BDC Inc. Common Stock
HGTY,Hagerty Inc. Class A Common Stock
LBTYA,Liberty Global Ltd. Class A Common Shares
ASBA,Associated Banc-Corp 6.625% Fixed-Rate Reset Subordinated Notes due 2033
SKT,Tanger Inc. Common Stock
ATMU,Atmus Filtration Technologies Inc. Common Stock
CWEN,Clearway Energy Inc. Class C Common Stock
BANF,BancFirst Corporation Common Stock
VEON,VEON Ltd. ADS
EBC,Eastern Bankshares Inc. Common Stock
FHI,Federated Hermes Inc. Common Stock
KFY,Korn Ferry Common Stock
ACAD,ACADIA Pharmaceuticals Inc. Common Stock
WGS,GeneDx Holdings Corp. Class A Common Stock
GENVR,Gen Digital Inc. Contingent Value Rights
TEX,Terex Corporation Common Stock
SLG,SL Green Realty Corp Common Stock
RIG,Transocean Ltd (Switzerland) Common Stock
BMA,Banco Macro S.A.  ADR (representing Ten Class B Common Shares)
LGN,Legence Corp. Class A Common stock
TENB,Tenable Holdings Inc. Common Stock
LGND,Ligand Pharmaceuticals Incorporated Common Stock
PRAX,Praxis Precision Medicines Inc. Common Stock
IPGP,IPG Photonics Corporation Common Stock
AMBA,Ambarella Inc. Ordinary Shares
CARG,CarGurus Inc. Class A Common Stock 
NP,Neptune Insurance Holdings Inc. Class A Common Stock
CNS,Cohen & Steers Inc Common Stock
UCB,United Community Banks Inc. Common Stock
QFIN,Qfin Holdings Inc. American Depositary Shares
TPC,Tutor Perini Corporation Common Stock
FULTP,Fulton Financial Corporation Depositary Shares Each Representing a 1/40th Interest in a Share of Fixed Rate Non-Cumulative Perpetual Preferred Stock Series A
TBBK,The Bancorp Inc Common Stock
ADMA,ADMA Biologics Inc Common Stock
TLX,Telix Pharmaceuticals Limited American Depositary Shares
COTY,Coty Inc. Class A Common Stock
AB,AllianceBernstein Holding L.P.  Units
HASI,HA Sustainable Infrastructure Capital Inc. Common Stock
RYN,Rayonier Inc. REIT Common Stock
DOCN,DigitalOcean Holdings Inc. Common Stock
NHI,National Health Investors Inc. Common Stock
FLNC,Fluence Energy Inc. Class A Common Stock
KNF,Knife Riv Holding Co. Common Stock
APLS,Apellis Pharmaceuticals Inc. Common Stock
GFF,Griffon Corporation Common Stock
GTM,ZoomInfo Technologies Inc Common Stock
RELY,Remitly Global Inc. Common Stock
LBRDP,Liberty Broadband Corporation Series A Cumulative Redeemable Preferred Stock
BNL,Broadstone Net Lease Inc. Common Stock
MLCO,Melco Resorts & Entertainment Limited American Depositary Shares
BTU,Peabody Energy Corporation Common Stock 
BBUC,Brookfield Business Corporation Class A Exchangeable Subordinate Voting Shares
MIRM,Mirum Pharmaceuticals Inc. Common Stock
APAM,Artisan Partners Asset Management Inc. Class A Common Stock
GNW,Genworth Financial Inc Common Stock
ORLA,Orla Mining Ltd. Common Shares
NAN,Nuveen New York Quality Municipal Income Fund Common Stock
KC,Kingsoft Cloud Holdings Limited American Depositary Shares
COMM,CommScope Holding Company Inc. Common Stock
EXPO,Exponent Inc. Common Stock
CII,BlackRock Enhanced Large Cap Core Fund Inc. Common Stock
PAGP,Plains GP Holdings L.P. Class A Units representing Limited Partner Interests
HWKN,Hawkins Inc. Common Stock
NG,Novagold Resources Inc.
ALHC,Alignment Healthcare Inc. Common Stock
BRC,Brady Corporation Common Stock
INDB,Independent Bank Corp. Common Stock
ASAN,Asana Inc. Class A Common Stock
NMRK,Newmark Group Inc. Class A Common Stock
SEI,Solaris Energy Infrastructure Inc. Class A Common Stock
PATK,Patrick Industries Inc. Common Stock
MIAX,Miami International Holdings Inc. Common Stock
HOG,Harley-Davidson Inc. Common Stock
NSIT,Insight Enterprises Inc. Common Stock
KAI,Kadant Inc Common Stock
MHO,M/I Homes Inc. Common Stock
TEO,Telecom Argentina SA
SLNO,Soleno Therapeutics Inc. Common Stock
MYRG,MYR Group Inc. Common Stock
PLUG,Plug Power Inc. Common Stock
PAM,Pampa Energia S.A.
RH,RH Common Stock
DAVE,Dave Inc. Class A Common Stock
TGS,Transportadora de Gas del Sur SA TGS Common Stock
NVST,Envista Holdings Corporation Common Stock
HCC,Warrior Met Coal Inc. Common Stock
AHL,Aspen Insurance Holdings Limited Class A Ordinary Shares
HAYW,Hayward Holdings Inc. Common Stock
EEFT,Euronet Worldwide Inc. Common Stock
SIMO,Silicon Motion Technology Corporation American Depositary Shares
FIZZ,National Beverage Corp. Common Stock
BRSL,Brightstar Lottery PLC Trading under the Legal Name to begin at the market open on July 21 2025. Ordinary Shares
QURE,uniQure N.V. Ordinary Shares
FGN,F&G Annuities & Life Inc. 7.950% Senior Notes due 2053
CGON,CG Oncology Inc. Common stock
FORM,FormFactor Inc. FormFactor Inc. Common Stock
FUL,H. B. Fuller Company Common Stock
FRSH,Freshworks Inc. Class A Common Stock
FIBK,First Interstate BancSystem Inc. Common Stock (DE)
ANF,Abercrombie & Fitch Company Common Stock
SOUNW,SoundHound AI Inc. Warrant
RNST,Renasant Corporation Common Stock
AMRX,Amneal Pharmaceuticals Inc. Class A Common Stock
TBBB,BBB Foods Inc. Class A Common Shares
NNNN,Anbio Biotechnology Class A Ordinary Shares
GTX,Garrett Motion Inc. Common Stock
IMVT,Immunovant Inc. Common Stock
OTTR,Otter Tail Corporation Common Stock
PCH,PotlatchDeltic Corporation Common Stock
FULT,Fulton Financial Corporation Common Stock
GPOR,Gulfport Energy Corporation Common Shares
INTA,Intapp Inc. Common Stock
ZIONP,Zions Bancorporation N.A. Depositary Shares (Each representing 1/40th Interest in a Share of Series A Floating-Rate Non-Cumulative Perpetual Preferred Stock)
AAP,Advance Auto Parts Inc.
AGYS,Agilysys Inc. Common Stock (DE)
ELP,Companhia Paranaense de Energia (COPEL) American Depositary Shares (each representing one Unit consisting one Common Share and four non-voting Class B Preferred Shares)
FBP,First BanCorp. New Common Stock
RWTO,Redwood Trust Inc. 9.00% Senior Notes Due 2029
BL,BlackLine Inc. Common Stock
CATY,Cathay General Bancorp Common Stock
CNTA,Centessa Pharmaceuticals plc American Depositary Shares
RARE,Ultragenyx Pharmaceutical Inc. Common Stock
RWTN,Redwood Trust Inc. 9.125% Senior Notes Due 2029
PRM,Perimeter Solutions SA Common Stock
GRAL,GRAIL Inc. Common Stock 
TGNA,TEGNA Inc
HIW,Highwoods Properties Inc. Common Stock
SEB,Seaboard Corporation Common Stock
SMG,Scotts Miracle-Gro Company (The) Common Stock
CDP,COPT Defense Properties Common Shares of Beneficial Interest
HTGC,Hercules Capital Inc. Common Stock
PRVA,Privia Health Group Inc. Common Stock
PTON,Peloton Interactive Inc. Class A Common Stock
PTRN,Pattern Group Inc. Series A Common Stock
ASO,Academy Sports and Outdoors Inc. Common Stock
APGE,Apogee Therapeutics Inc. Common Stock
AVA,Avista Corporation Common Stock
ETOR,eToro Group Ltd. Class A Common Shares
MGEE,MGE Energy Inc
BLKB,Blackbaud Inc. Common Stock
HTFL,Heartflow Inc. Common Stock
AVPT,AvePoint Inc. Class A Common Stock
PAGS,PagSeguro Digital Ltd. Class A Common Shares
BXMT,Blackstone Mortgage Trust Inc. Common Stock
XENE,Xenon Pharmaceuticals Inc. Common Shares
KGS,Kodiak Gas Services Inc. Common Stock
MANU,Manchester United Ltd. Class A Ordinary Shares
INDV,Indivior PLC Ordinary Shares
BRZE,Braze Inc. Class A Common Stock
AIR,AAR Corp. Common Stock
ENVA,Enova International Inc. Common Stock
WHD,Cactus Inc. Class A Common Stock
CPK,Chesapeake Utilities Corporation Common Stock
RUM,Rumble Inc. Class A Common Stock
IPAR,Interparfums Inc. Common Stock
JOYY,JOYY Inc. American Depositary Shares
FHB,First Hawaiian Inc. Common Stock
AAPG,Ascentage Pharma Group International American Depository Shares
MPW,Medical Properties Trust Inc. common stock
ELPC,Companhia Paranaense de Energia (COPEL) American Depositary Shares (each representing four (4) Common Shares)
ATHM,Autohome Inc. American Depositary Shares each representing four class A ordinary shares.
HAFN,Hafnia Limited Common Shares
KYIV,Kyivstar Group Ltd. Common Shares
TNET,TriNet Group Inc. Common Stock
PBH,Prestige Consumer Healthcare Inc. Common Stock
VIAV,Viavi Solutions Inc. Common Stock
BFH,Bread Financial Holdings Inc. Common Stock
ICUI,ICU Medical Inc. Common Stock
MCHB,Mechanics Bancorp Class A Common Stock
CNK,Cinemark Holdings Inc Cinemark Holdings Inc. Common Stock
CBU,Community Financial System Inc. Common Stock
PLMR,Palomar Holdings Inc. Common stock
CSQ,Calamos Strategic Total Return Common Stock
WRD,WeRide Inc. American Depositary Shares
HSAI,Hesai Group American Depositary Share each ADS represents one Class B ordinary share
NCNO,nCino Inc. Common Stock
STNG,Scorpio Tankers Inc. Common Shares
CELC,Celcuity Inc. Common Stock
EE,Excelerate Energy Inc. Class A Common Stock
OUT,OUTFRONT Media Inc. Common Stock
WSBC,WesBanco Inc. Common Stock
FBK,FB Financial Corporation Common Stock
NVTS,Navitas Semiconductor Corporation Common Stock
KMPR,Kemper Corporation
LIVN,LivaNova PLC Ordinary Shares
BLTE,Belite Bio Inc American Depositary Shares
UNF,Unifirst Corporation Common Stock
AVNT,Avient Corporation Common Stock
IRON,Disc Medicine Inc. Common Stock
CAAP,Corporacion America Airports SA Common Shares
REVG,REV Group Inc. Common Stock
WSFS,WSFS Financial Corporation Common Stock
AZZ,AZZ Inc.
GRBK,Green Brick Partners Inc. Common Stock
MATX,Matson Inc. Common Stock
SUPN,Supernus Pharmaceuticals Inc. Common Stock
ARLP,Alliance Resource Partners L.P. Common Units representing Limited Partners Interests
RHI,Robert Half Inc. Common Stock
JOE,St. Joe Company (The) Common Stock
SXI,Standex International Corporation Common Stock
CWT,California Water Service Group Common Stock
PRGO,Perrigo Company plc Ordinary Shares
VC,Visteon Corporation Common Stock
COLM,Columbia Sportswear Company Common Stock
AWR,American States Water Company Common Stock
SGRY,Surgery Partners Inc. Common Stock
WD,Walker & Dunlop Inc Common Stock
CNXC,Concentrix Corporation Common Stock
WOR,Worthington Enterprises Inc. Common Shares
MBLY,Mobileye Global Inc. Class A Common Stock
XNET,Xunlei Limited American Depositary Shares
TMC,TMC the metals company Inc. Common Stock
WU,Western Union Company (The) Common Stock
ZLAB,Zai Lab Limited American Depositary Shares
YETI,YETI Holdings Inc. Common Stock
GRND,Grindr Inc. Common Stock
VCYT,Veracyte Inc. Common Stock
KNSA,Kiniksa Pharmaceuticals International plc Class A Ordinary Shares
GENI,Genius Sports Limited Ordinary Shares
CBZ,CBIZ Inc. Common Stock
CENX,Century Aluminum Company Common Stock
RXO,RXO Inc. Common Stock
NMIH,NMI Holdings Inc. Common Stock
LU,Lufax Holding Ltd American Depositary Shares each representing two (2) Ordinary Shares
KAR,OPENLANE Inc. Common Stock
SRRK,Scholar Rock Holding Corporation Common Stock
BKU,BankUnited Inc. Common Stock
BKE,Buckle Inc. (The) Common Stock
TPH,Tri Pointe Homes Inc. Common Stock
GEF,Greif Inc. Class A Common Stock
MGNI,Magnite Inc. Common Stock
BEAM,Beam Therapeutics Inc. Common Stock
PLBL,Polibeli Group Ltd Class A Ordinary Shares
DGNX,Diginex Limited Ordinary Shares
USAC,USA Compression Partners LP Common Units Representing Limited Partner Interests
LXP,LXP Industrial Trust Common Stock (Maryland REIT)
BB,BlackBerry Limited Common Stock
TGLS,Tecnoglass Inc. Ordinary Shares
MGRC,McGrath RentCorp Common Stock
POWWP,Outdoor Holding Company 8.75% Series A Cumulative Redeemable Perpetual Preferred Stock
AEO,American Eagle Outfitters Inc. Common Stock
NATL,NCR Atleos Corporation Common Stock
ABM,ABM Industries Incorporated Common Stock
CAKE,Cheesecake Factory Incorporated (The) Common Stock
WBI,WaterBridge Infrastructure LLC Class A Shares Representing Limited Liability Company Interests
TTAM,Titan America SA Common Shares
TARS,Tarsus Pharmaceuticals Inc. Common Stock
MTRN,Materion Corporation
BWIN,The Baldwin Insurance Group Inc. Class A Common Stock
WB,Weibo Corporation American Depositary Share
APLE,Apple Hospitality REIT Inc. Common Shares
SBCF,Seacoast Banking Corporation of Florida Common Stock
EXTR,Extreme Networks Inc. Common Stock
OLN,Olin Corporation Common Stock
AUGO,Aura Minerals Inc. Common Shares
FTAIM,FTAI Aviation Ltd. 9.500% Fixed-Rate Reset Series D Cumulative Perpetual Redeemable Preferred Shares
SYNA,Synaptics Incorporated Common Stock $0.001 Par Value
RNW,ReNew Energy Global plc Class A Ordinary Shares
NAMSW,NewAmsterdam Pharma Company N.V. Warrant
NTLA,Intellia Therapeutics Inc. Common Stock
BSM,Black Stone Minerals L.P. Common units representing limited partner interests
ARX,Accelerant Holdings Class A Common Shares
WDFC,WD-40 Company Common Stock
PRKS,United Parks & Resorts Inc. Common Stock
TR,Tootsie Roll Industries Inc. Common Stock
BCC,Boise Cascade L.L.C. Common Stock
GSHD,Goosehead Insurance Inc. Class A Common Stock
IAC,IAC Inc. Common Stock
NMFCZ,New Mountain Finance Corporation 8.250% Notes due 2028
RNG,RingCentral Inc. Class A Common Stock
AMSC,American Superconductor Corporation Common Stock
OXLC,Oxford Lane Capital Corp. Common Stock
CON,Concentra Group Holdings Parent Inc. Common Stock
ACMR,ACM Research Inc. Class A Common Stock
BATRA,Atlanta Braves Holdings Inc. Series A Common Stock
HCI,HCI Group Inc. Common Stock
FOLD,Amicus Therapeutics Inc. Common Stock
BHF,Brighthouse Financial Inc. Common Stock
VSCO,Victorias Secret & Co. Common Stock 
LBRT,Liberty Energy Inc. Class A common stock
CPRI,Capri Holdings Limited Ordinary Shares
DIOD,Diodes Incorporated Common Stock
HURN,Huron Consulting Group Inc. Common Stock
FTAIN,FTAI Aviation Ltd. 8.25% Fixed - Rate Reset Series C Cumulative Perpetual Redeemable Preferred Shares
FLO,Flowers Foods Inc. Common Stock
MLYS,Mineralys Therapeutics Inc. Common Stock
CIVI,Civitas Resources Inc. Common Stock
ATS,ATS Corporation Common Shares
FRPT,Freshpet Inc. Common Stock
ZGN,Ermenegildo Zegna N.V. Ordinary Shares
GLOB,Globant S.A. Common Shares
CVBF,CVB Financial Corporation Common Stock
RXRX,Recursion Pharmaceuticals Inc. Class A Common Stock
MFAO,MFA Financial Inc. 9.000% Senior Notes due 2029
ADPT,Adaptive Biotechnologies Corporation Common Stock
SEZL,Sezzle Inc. Common Stock
ACLS,Axcelis Technologies Inc. Common Stock
XRAY,DENTSPLY SIRONA Inc. Common Stock
BBAI,BigBear.ai Inc. Common Stock
DAN,Dana Incorporated Common Stock 
AKR,Acadia Realty Trust Common Stock
FUN,Six Flags Entertainment Corporation Common Stock New
KEN,Kenon Holdings Ltd. Ordinary Shares
MFAN,MFA Financial Inc. 8.875% Senior Notes due 2029
WRBY,Warby Parker Inc. Class A Common Stock
SHOO,Steven Madden Ltd. Common Stock
VNET,VNET Group Inc. American Depositary Shares
PENN,PENN Entertainment Inc. Common Stock
SFNC,Simmons First National Corporation Class A Common Stock
ALRM,Alarm.com Holdings Inc. Common Stock
CURB,Curbline Properties Corp. Common Stock
UE,Urban Edge Properties Common Shares of Beneficial Interest
HCM,HUTCHMED (China) Limited American Depositary Shares
CMPO,CompoSecure Inc. Class A Common Stock
CPRX,Catalyst Pharmaceuticals Inc. Common Stock
PRK,Park National Corporation Common Stock
IDYA,IDEAYA Biosciences Inc. Common Stock
FCPT,Four Corners Property Trust Inc. Common Stock
ITGR,Integer Holdings Corporation Common Stock
PTEN,Patterson-UTI Energy Inc. Common Stock
ODD,ODDITY Tech Ltd. Class A Ordinary Shares
HP,Helmerich & Payne Inc. Common Stock
BITF,Bitfarms Ltd. Common Stock
VTMX,Corporacion Inmobiliaria Vesta S.A.B de C.V. American Depositary Shares each representing ten (10) Common Shares
BOH,Bank of Hawaii Corporation Common Stock
ALVO,Alvotech Ordinary Shares
SMPL,The Simply Good Foods Company Common Stock
XMTR,Xometry Inc. Class A Common Stock
BWSN,Babcock & Wilcox Enterprises Inc. 8.125% Senior Notes due 2026
DNN,Denison Mines Corp Ordinary Shares (Canada)
AGIO,Agios Pharmaceuticals Inc. Common Stock
TOWN,TowneBank Common Stock
DRVN,Driven Brands Holdings Inc. Common Stock
BANC,Banc of California Inc. Common Stock
PPTA,Perpetua Resources Corp. Common Shares
FSM,Fortuna Mining Corp. Common Shares
FA,First Advantage Corporation Common Stock
TVTX,Travere Therapeutics Inc. Common Stock
TIC,TIC Solutions Inc. Common Stock
QUBT,Quantum Computing Inc. Common Stock
PFS,Provident Financial Services Inc Common Stock
ALKT,Alkami Technology Inc. Common Stock
BATRK,Atlanta Braves Holdings Inc. Series C Common Stock
HAE,Haemonetics Corporation Common Stock
SAM,Boston Beer Company Inc. (The) Common Stock
DXC,DXC Technology Company Common Stock 
AI,C3.ai Inc. Class A Common Stock
GDV,Gabelli Dividend & Income Trust Common Shares of Beneficial Interest
WSBCO,WesBanco Inc. Depositary Shares each representing 1/40th interest in a share of 7.375% Fixed-Rate Reset Non-Cumulative Perpetual Preferred Stock Series B
CLVT,Clarivate Plc Ordinary Shares
GEO,Geo Group Inc (The) REIT
INOD,Innodata Inc. Common Stock
TDW,Tidewater Inc. Common Stock
VAC,Marriott Vacations Worldwide Corporation Common Stock
DYN,Dyne Therapeutics Inc. Common Stock
WSBCP,WesBanco Inc. Depositary Shares Each Representing a 1/40th Interest in a Share of 6.75% Fixed-Rate Reset Non-Cumulative Perpetual Preferred Stock Series A
HBI,Hanesbrands Inc. Common Stock
MH,McGraw Hill Inc. Common Stock
NSA,National Storage Affiliates Trust Common Shares of Beneficial Interest
ENVX,Enovix Corporation Common Stock
DKL,Delek Logistics Partners L.P. Common Units representing Limited Partner Interests
SPHR,Sphere Entertainment Co. Class A Common Stock
POWI,Power Integrations Inc. Common Stock
ARQT,Arcutis Biotherapeutics Inc. Common Stock
SPNS,Sapiens International Corporation N.V. Common Shares (Cayman Islands)
MEOH,Methanex Corporation Common Stock
SA,Seabridge Gold Inc. Ordinary Shares (Canada)
UNFI,United Natural Foods Inc. Common Stock
PRDO,Perdoceo Education Corporation Common Stock
SM,SM Energy Company Common Stock
CHEF,The Chefs' Warehouse Inc. Common Stock
ATEC,Alphatec Holdings Inc. Common Stock
INSW,International Seaways Inc. Common Stock 
OGN,Organon & Co. Common Stock 
WBTN,WEBTOON Entertainment Inc. Common stock
MFICL,MidCap Financial Investment Corporation 8.00% Notes due 2028
BWNB,Babcock & Wilcox Enterprises Inc. 6.50% Senior Notes due 2026
PGY,Pagaya Technologies Ltd. Class A Ordinary Shares
CDTX,Cidara Therapeutics Inc. Common Stock
PCT,PureCycle Technologies Inc. Common stock
CSTM,Constellium SE Ordinary Shares (France)
SEDG,SolarEdge Technologies Inc. Common Stock
OII,Oceaneering International Inc. Common Stock
SBET,SharpLink Gaming Inc. Common Stock
EXK,Endeavour Silver Corporation Ordinary Shares (Canada)
GEMI,Gemini Space Station Inc. Class A Common Stock
APPN,Appian Corporation Class A Common Stock
BUR,Burford Capital Limited Ordinary Shares
TRMK,Trustmark Corporation Common Stock
IBRX,ImmunityBio Inc. Common Stock
DNLI,Denali Therapeutics Inc. Common Stock
WAFD,WaFd Inc. Common Stock
